1.659083333333333465e+00,6.258616992572897608e+00,-9.460000000000000853e+00,1.128999999999999915e+01,5.030741299999999683e+03,-1.061416666666666453e+00,2.542125847866090638e+00,-6.330000000000000071e+00,3.049999999999999822e+00,9.106811000000000149e+02,9.245666666666666700e+00,9.836238587771015673e+00,-5.099999999999999645e+00,2.658999999999999986e+01,2.186807300000000032e+04,8.899999999999999578e-02,2.302613153209486452e+00,-4.839999999999999858e+00,3.240000000000000213e+00,6.371938000000000102e+02,6.073333333333332806e-01,2.125886377229246005e+00,-3.049999999999999822e+00,4.400000000000000355e+00,5.865896000000000186e+02,1.124999999999999438e-02,2.367178194426153848e+00,-4.110000000000000320e+00,3.020000000000000018e+00,6.724391000000000531e+02
-6.334749999999999659e+00,1.020573947692342998e+01,-2.694000000000000128e+01,6.190000000000000391e+00,1.731434109999999782e+04,5.615833333333333233e-01,2.740709152705230522e+00,-2.250000000000000000e+00,6.370000000000000107e+00,9.392235000000000582e+02,-8.623833333333331908e+00,1.334587752724496568e+01,-3.860000000000000142e+01,8.990000000000000213e+00,3.029795379999999932e+04,-1.101666666666666766e-01,2.001844559122632816e+00,-3.439999999999999947e+00,3.359999999999999876e+00,4.823421999999999343e+02,-5.166666666666666630e-02,9.149711592297443685e-01,-2.490000000000000213e+00,1.320000000000000062e+00,1.007810000000000059e+02,1.057500000000000107e-01,1.405741004180120379e+00,-2.609999999999999876e+00,2.270000000000000018e+00,2.384748999999999910e+02
3.092249999999999499e+00,7.858862031967478678e+00,-9.869999999999999218e+00,1.680000000000000071e+01,8.558846700000000055e+03,-2.103000000000000203e+00,3.042498589427227174e+00,-7.500000000000000000e+00,3.620000000000000107e+00,1.641528799999999819e+03,1.055100000000000016e+01,9.876601591640719491e+00,-4.889999999999999680e+00,2.792000000000000171e+01,2.506450319999999920e+04,1.998333333333333350e-01,2.658341583059299573e+00,-4.320000000000000284e+00,4.129999999999999893e+00,8.528056000000000267e+02,-5.312499999999998890e-01,1.347220943584731101e+00,-4.169999999999999929e+00,1.669999999999999929e+00,2.516676999999999964e+02,4.407500000000000306e-01,2.823517653123493343e+00,-4.429999999999999716e+00,4.190000000000000391e+00,9.799814999999999827e+02
2.590166666666666728e+00,5.937735396503358132e+00,-6.459999999999999964e+00,1.272000000000000064e+01,5.035879800000000614e+03,-2.595416666666666483e+00,2.969858833859877922e+00,-7.860000000000000320e+00,2.700000000000000178e+00,1.866749900000000025e+03,9.994083333333332320e+00,6.352305289661034138e+00,-5.699999999999999512e-01,2.157000000000000028e+01,1.682801809999999750e+04,-1.151666666666666533e-01,2.205146625258485926e+00,-3.750000000000000000e+00,3.299999999999999822e+00,5.851121999999999161e+02,-5.667499999999999760e-01,5.219916386622809323e-01,-1.770000000000000018e+00,3.599999999999999867e-01,7.124170000000000869e+01,3.778333333333333544e-01,2.312443939260414361e+00,-3.410000000000000142e+00,3.580000000000000071e+00,6.588185999999999467e+02
4.283749999999999503e+00,9.996189195763554025e+00,-1.294999999999999929e+01,2.032000000000000028e+01,1.419291749999999956e+04,-1.640916666666666801e+00,2.542800292274029150e+00,-5.179999999999999716e+00,3.069999999999999840e+00,1.099012899999999945e+03,8.964750000000000441e+00,9.978422300352228547e+00,-6.650000000000000355e+00,2.494000000000000128e+01,2.159227850000000035e+04,5.566666666666665597e-02,1.661277487022829957e+00,-2.720000000000000195e+00,2.729999999999999982e+00,3.315529999999999973e+02,-2.558333333333333640e-02,1.161043923826982294e+00,-2.109999999999999876e+00,2.759999999999999787e+00,1.618412999999999897e+02,4.649999999999999967e-02,1.856717376626466187e+00,-2.479999999999999982e+00,3.419999999999999929e+00,4.139474000000000160e+02
3.220750000000000224e+00,8.453012102450028209e+00,-1.391999999999999993e+01,1.937000000000000099e+01,9.819197299999999814e+03,-1.516249999999999876e+00,3.109171932229973567e+00,-6.959999999999999964e+00,5.030000000000000249e+00,1.435915700000000015e+03,8.885999999999999233e+00,1.135534722792159634e+01,-9.539999999999999147e+00,2.712999999999999901e+01,2.494858879999999772e+04,-4.141666666666665025e-02,2.015165541518170844e+00,-3.029999999999999805e+00,3.359999999999999876e+00,4.875128999999999451e+02,-5.166666666666665936e-02,1.635258559236292486e+00,-2.720000000000000195e+00,3.640000000000000124e+00,3.212087999999999965e+02,2.565000000000000058e-01,1.773244977435435965e+00,-2.560000000000000053e+00,3.470000000000000195e+00,3.852228000000000065e+02
3.100166666666666959e+00,1.084658540611847322e+01,-2.044000000000000128e+01,2.251999999999999957e+01,1.527113379999999961e+04,8.065833333333333188e-01,1.648920604432554837e+00,-1.409999999999999920e+00,5.419999999999999929e+00,4.043419000000000096e+02,-2.683500000000000441e+00,1.100919953569135146e+01,-1.741000000000000014e+01,2.280000000000000071e+01,1.540843760000000111e+04,2.212500000000000022e-01,1.503301678805687880e+00,-3.250000000000000000e+00,3.129999999999999893e+00,2.770641000000000531e+02,-8.216666666666666563e-01,2.747761310998869000e+00,-8.730000000000000426e+00,4.110000000000000320e+00,9.870394000000001142e+02,2.079166666666666663e-01,2.263660713620503806e+00,-3.990000000000000213e+00,4.290000000000000036e+00,6.200867000000000644e+02
2.797083333333333588e+00,9.457103009187797227e+00,-1.130000000000000071e+01,2.005999999999999872e+01,1.167125669999999991e+04,-4.198166666666666380e+00,4.853257665962339651e+00,-1.401999999999999957e+01,5.160000000000000142e+00,4.941445600000000013e+03,9.847333333333333272e+00,1.148288216820537144e+01,-5.500000000000000000e+00,3.196999999999999886e+01,2.745918679999999949e+04,-1.459166666666666390e-01,2.986514829427252327e+00,-4.519999999999999574e+00,4.490000000000000213e+00,1.072867499999999836e+03,-7.818333333333333801e-01,7.372663283297894443e-01,-2.700000000000000178e+00,1.060000000000000053e+00,1.385790000000000077e+02,2.665833333333333388e-01,3.023873756137242186e+00,-5.280000000000000249e+00,4.389999999999999680e+00,1.105785500000000184e+03
4.403999999999999915e+00,8.536752153678431654e+00,-1.017999999999999972e+01,1.707999999999999829e+01,1.107256239999999889e+04,-1.333833333333333426e+00,2.601534221484613774e+00,-5.280000000000000249e+00,3.350000000000000089e+00,1.025651000000000067e+03,8.542166666666666686e+00,9.324022842755278262e+00,-4.919999999999999929e+00,2.342000000000000171e+01,1.918872160000000076e+04,-1.016666666666665372e-02,1.663099006540366798e+00,-2.560000000000000053e+00,2.620000000000000107e+00,3.319201999999999657e+02,-7.158333333333331827e-02,1.137974806277459949e+00,-2.029999999999999805e+00,2.350000000000000089e+00,1.560133000000000152e+02,1.103333333333333249e-01,1.801045036144910405e+00,-2.359999999999999876e+00,3.160000000000000142e+00,3.907123999999999455e+02
-5.757499999999999396e+00,1.246297217427154003e+01,-3.754999999999999716e+01,6.030000000000000249e+00,2.261693779999999970e+04,1.453333333333333421e-01,1.458768277996505214e+00,-3.310000000000000053e+00,4.740000000000000213e+00,2.578951999999999884e+02,5.795166666666667687e+00,1.370554595673671905e+01,-9.039999999999999147e+00,3.893999999999999773e+01,2.657111359999999695e+04,1.235000000000000264e-01,2.408912496681161475e+00,-4.349999999999999645e+00,4.160000000000000142e+00,6.981734000000000151e+02,-1.725833333333333386e-01,4.740929863668331135e-01,-1.399999999999999911e+00,1.320000000000000062e+00,3.054590000000000316e+01,1.738333333333333397e-01,2.274073504870842033e+00,-3.319999999999999840e+00,4.719999999999999751e+00,6.241953999999999496e+02
-4.897999999999999687e+00,5.890969444836732904e+00,-1.660000000000000142e+01,5.209999999999999964e+00,7.043271000000000640e+03,1.118749999999999911e+00,1.316191831573194415e+00,-1.780000000000000027e+00,4.540000000000000036e+00,3.580754999999999768e+02,-8.456333333333333258e+00,7.562810867807169046e+00,-2.042000000000000171e+01,4.360000000000000320e+00,1.544468180000000029e+04,3.241666666666667695e-02,1.756267821182811995e+00,-2.660000000000000142e+00,3.339999999999999858e+00,3.702632999999999583e+02,1.525000000000001528e-02,2.738934087834170583e+00,-4.599999999999999645e+00,5.900000000000000355e+00,9.002391000000000076e+02,7.324999999999996791e-02,1.371794543958144263e+00,-2.350000000000000089e+00,2.109999999999999876e+00,2.264622999999999706e+02
1.724166666666667180e-01,9.300667359194655148e+00,-1.240000000000000036e+01,2.567000000000000171e+01,1.038385689999999886e+04,-2.729166666666666519e+00,4.834446466648368634e+00,-1.349000000000000021e+01,4.639999999999999680e+00,3.698426799999999730e+03,9.514000000000001123e+00,1.417669504268654812e+01,-1.365000000000000036e+01,4.253999999999999915e+01,3.497938539999999921e+04,5.252499999999999947e-01,3.312167961345962031e+00,-7.530000000000000249e+00,5.200000000000000178e+00,1.349561299999999846e+03,5.411666666666666847e-01,2.633285711594715917e+00,-3.390000000000000124e+00,7.530000000000000249e+00,8.672465999999999440e+02,-6.004166666666665986e-01,3.099418331406000426e+00,-5.660000000000000142e+00,5.049999999999999822e+00,1.196027299999999968e+03
-1.495166666666666755e+00,7.474668106715880000e+00,-2.225000000000000000e+01,1.623999999999999844e+01,6.972742400000000089e+03,-1.466583333333333350e+00,4.130314252740206804e+00,-1.596000000000000085e+01,4.990000000000000213e+00,2.305243499999999585e+03,9.985500000000001819e+00,2.666258567731194518e+00,2.930000000000000160e+00,1.791000000000000014e+01,1.281829739999999947e+04,-3.804166666666667362e-01,8.912476234969094468e-01,-3.029999999999999805e+00,8.299999999999999600e-01,1.126847000000000065e+02,6.108333333333334364e-02,8.314994446112929927e-01,-2.120000000000000107e+00,2.250000000000000000e+00,8.341470000000001050e+01,-1.079166666666666746e-01,2.736689269851845019e+00,-8.730000000000000426e+00,4.490000000000000213e+00,9.001336999999999762e+02
3.802749999999999186e+00,7.967086874813988473e+00,-9.109999999999999432e+00,1.908999999999999986e+01,9.352245699999999488e+03,-3.439500000000000224e+00,4.107023425385672333e+00,-1.118999999999999950e+01,3.410000000000000142e+00,3.443736200000000281e+03,8.128916666666667012e+00,9.775428532450920471e+00,-5.469999999999999751e+00,2.773999999999999844e+01,1.939659470000000147e+04,1.745833333333333681e-01,2.742204069671369648e+00,-4.309999999999999609e+00,4.429999999999999716e+00,9.060195000000001073e+02,-7.043333333333332558e-01,7.286720036401075351e-01,-2.490000000000000213e+00,7.900000000000000355e-01,1.232458000000000027e+02,-1.015833333333333172e-01,2.807286945265046185e+00,-4.589999999999999858e+00,3.950000000000000178e+00,9.469415000000000191e+02
-9.050000000000000711e+00,1.479562756357431397e+01,-3.606000000000000227e+01,1.571000000000000085e+01,3.609757140000000072e+04,-3.585000000000000964e-01,2.124337406502711634e+00,-5.629999999999999893e+00,4.480000000000000426e+00,5.569598000000000866e+02,-1.241833333333333123e+00,9.219630866013863724e+00,-1.539000000000000057e+01,2.332999999999999829e+01,1.038524920000000020e+04,1.666666666666675447e-03,1.499267228422679121e+00,-3.200000000000000178e+00,2.720000000000000195e+00,2.697365999999999531e+02,-7.367500000000000160e-01,9.615882369808815833e-01,-3.459999999999999964e+00,1.600000000000000089e+00,1.760943000000000325e+02,9.766666666666665164e-02,2.439521036779328522e+00,-5.129999999999999893e+00,3.600000000000000089e+00,7.152961999999999989e+02
8.345000000000001306e-01,5.957696541729306183e+00,-7.759999999999999787e+00,1.439000000000000057e+01,4.342864599999999882e+03,-1.821083333333333609e+00,4.191476230763519162e+00,-8.960000000000000853e+00,5.000000000000000000e+00,2.506178100000000086e+03,1.002058333333333273e+01,8.364986082458369054e+00,-2.649999999999999911e+00,2.625000000000000000e+01,2.044620990000000165e+04,-1.451666666666666938e-01,2.575193838443148309e+00,-3.700000000000000178e+00,3.970000000000000195e+00,7.983236000000000558e+02,-7.820833333333333526e-01,9.777140821267170656e-01,-2.729999999999999982e+00,1.149999999999999911e+00,1.881094999999999970e+02,2.906666666666666843e-01,2.683948500913449831e+00,-4.339999999999999858e+00,3.879999999999999893e+00,8.745680000000000973e+02
-9.910416666666666430e+00,3.674579430772392019e+00,-1.637999999999999901e+01,-1.590000000000000080e+00,1.340626710000000094e+04,2.446583333333333332e+00,1.753506722652892869e+00,-3.800000000000000044e-01,6.000000000000000000e+00,1.087266700000000128e+03,-1.851250000000000062e+00,1.187337340175486844e+01,-2.017999999999999972e+01,1.892000000000000171e+01,1.732849469999999928e+04,-2.014999999999999847e-01,2.403751113710957288e+00,-4.049999999999999822e+00,3.259999999999999787e+00,6.982346000000000004e+02,-7.058333333333331738e-02,1.027802101438901605e+00,-1.949999999999999956e+00,1.800000000000000044e+00,1.273631000000000029e+02,3.891666666666666885e-02,6.863500028330217217e-01,-1.560000000000000053e+00,9.499999999999999556e-01,5.671089999999999520e+01
7.975249999999999950e+00,2.876837952364829754e+00,2.810000000000000053e+00,1.586999999999999922e+01,8.625697099999997590e+03,5.488333333333332842e-01,1.265357119112580309e+00,-2.259999999999999787e+00,2.549999999999999822e+00,2.282815999999999690e+02,2.523166666666666558e+00,1.289272766480735477e+01,-2.012999999999999901e+01,2.164999999999999858e+01,2.071065560000000187e+04,-2.645833333333333370e-01,2.439833975168984814e+00,-3.419999999999999929e+00,3.939999999999999947e+00,7.227352999999999383e+02,-8.941666666666667207e-02,1.355949418816531304e+00,-4.280000000000000249e+00,1.969999999999999973e+00,2.215912999999999897e+02,7.675000000000001266e-02,5.727581841405673391e-01,-8.199999999999999512e-01,1.219999999999999973e+00,4.007309999999999661e+01
2.816083333333333272e+00,7.230718417030834289e+00,-8.150000000000000355e+00,1.685999999999999943e+01,7.225633700000000317e+03,-3.253416666666666845e+00,4.188687044853341312e+00,-1.088000000000000078e+01,3.529999999999999805e+00,3.375578299999999672e+03,8.140166666666665662e+00,8.211176629380767977e+00,-3.910000000000000142e+00,2.421000000000000085e+01,1.604228819999999905e+04,-4.350000000000000394e-02,2.728619202087385620e+00,-4.429999999999999716e+00,3.959999999999999964e+00,8.936706000000000358e+02,-7.579166666666666829e-01,4.932424958600203357e-01,-1.820000000000000062e+00,4.699999999999999734e-01,9.812709999999998445e+01,-1.004166666666666680e-01,2.616659255562753472e+00,-3.649999999999999911e+00,4.360000000000000320e+00,8.228387000000000171e+02
-3.083333333333347637e-02,7.435332718775191196e+00,-1.107000000000000028e+01,1.236999999999999922e+01,6.634214799999999741e+03,-3.659999999999999920e-01,2.277947687429776380e+00,-3.859999999999999876e+00,3.790000000000000036e+00,6.387601999999999407e+02,9.764666666666666828e+00,7.518082416562232417e+00,-2.609999999999999876e+00,2.096999999999999886e+01,1.822443340000000171e+04,1.333333333333338276e-03,1.773814126552033965e+00,-2.799999999999999822e+00,2.439999999999999947e+00,3.775701999999999998e+02,-3.624166666666666647e-01,5.290195267872653817e-01,-1.340000000000000080e+00,1.010000000000000009e+00,4.934489999999999554e+01,5.083333333333330331e-03,1.970571827259511188e+00,-2.930000000000000160e+00,3.100000000000000089e+00,4.659814999999999827e+02
-2.335833333333333428e+00,8.793860223979505619e+00,-2.207999999999999829e+01,1.127999999999999936e+01,9.934571399999998903e+03,-3.502750000000000252e+00,4.440482699455844617e+00,-1.841000000000000014e+01,2.520000000000000018e+00,3.838457300000000032e+03,1.033799999999999919e+01,3.434849244629716747e+00,-1.100000000000000089e+00,1.928000000000000114e+01,1.424069199999999910e+04,-2.937500000000000111e-01,1.101467250610142390e+00,-2.759999999999999787e+00,1.689999999999999947e+00,1.559422999999999888e+02,1.097500000000000003e-01,1.382117615894778551e+00,-3.629999999999999893e+00,3.250000000000000000e+00,2.306752999999999929e+02,4.221666666666666345e-01,3.823999691277300439e+00,-8.730000000000000426e+00,6.150000000000000355e+00,1.776143800000000056e+03
6.859333333333333727e+00,7.096314739982218178e+00,-4.469999999999999751e+00,2.021999999999999886e+01,1.168897640000000138e+04,-2.250666666666667037e+00,2.419654497834120566e+00,-7.080000000000000071e+00,6.800000000000000488e-01,1.310427400000000034e+03,7.821666666666667211e+00,7.418698935048442245e+00,-3.620000000000000107e+00,2.337000000000000099e+01,1.394586760000000140e+04,7.333333333333331983e-02,1.502031587180804983e+00,-1.790000000000000036e+00,2.779999999999999805e+00,2.713772000000000162e+02,-3.214166666666666838e-01,4.011468887937296723e-01,-1.080000000000000071e+00,6.700000000000000400e-01,3.170730000000000004e+01,3.434166666666667589e-01,1.575596445706267223e+00,-2.700000000000000178e+00,2.450000000000000178e+00,3.120527000000000157e+02
4.780499999999999972e+00,9.519197782201326064e+00,-7.089999999999999858e+00,2.487999999999999901e+01,1.361619679999999971e+04,-2.157333333333333325e+00,3.395541619372215436e+00,-8.580000000000000071e+00,2.689999999999999947e+00,1.942054799999999886e+03,7.369999999999999218e+00,8.798813745803085951e+00,-5.309999999999999609e+00,2.269999999999999929e+01,1.580832279999999810e+04,-2.095833333333333159e-01,1.734342524720983603e+00,-2.410000000000000142e+00,2.629999999999999893e+00,3.662242999999999711e+02,-5.336666666666666226e-01,4.971886518772885011e-01,-1.719999999999999973e+00,6.300000000000000044e-01,6.383959999999999724e+01,1.443333333333333413e-01,2.209718961517253444e+00,-3.350000000000000089e+00,3.270000000000000018e+00,5.884428000000000338e+02
1.026558333333333195e+01,2.186441903320831770e+01,-2.144000000000000128e+01,4.932999999999999829e+01,7.001220249999999942e+04,-2.951000000000000068e+00,3.184648960246638794e+00,-1.049000000000000021e+01,3.640000000000000124e+00,2.262046800000000076e+03,-4.679166666666667029e-01,1.840667856980781281e+00,-4.339999999999999858e+00,5.400000000000000355e+00,4.328405000000000200e+02,-1.591666666666666785e-01,2.833036749183148739e-01,-9.000000000000000222e-01,5.000000000000000000e-01,1.267139999999999844e+01,-8.116666666666665086e-02,2.035439012159839134e+00,-4.280000000000000249e+00,3.279999999999999805e+00,4.979519999999999982e+02,-3.708333333333335702e-02,3.404006804691919186e+00,-4.730000000000000426e+00,6.549999999999999822e+00,1.390636500000000069e+03
5.208749999999999325e+00,7.839663636757638443e+00,-6.190000000000000391e+00,2.160999999999999943e+01,1.063096830000000045e+04,-1.973083333333333522e+00,2.737387378454540610e+00,-6.219999999999999751e+00,2.220000000000000195e+00,1.366361700000000155e+03,7.180500000000000327e+00,7.330318302547759401e+00,-4.349999999999999645e+00,1.973000000000000043e+01,1.263517759999999907e+04,-2.574166666666666270e-01,1.493170282672259708e+00,-2.080000000000000071e+00,2.290000000000000036e+00,2.754984999999999786e+02,-3.920000000000000151e-01,2.203656053017348793e-01,-9.699999999999999734e-01,8.000000000000000167e-02,2.426700000000000301e+01,2.250000000000000264e-02,1.716353814534365307e+00,-2.540000000000000036e+00,2.279999999999999805e+00,3.535652000000000044e+02
2.356083333333333307e+00,8.194997284505685542e+00,-8.580000000000000071e+00,1.873000000000000043e+01,8.725093100000000049e+03,-1.297499999999999876e+00,3.109411854890460791e+00,-6.400000000000000355e+00,4.000000000000000000e+00,1.362233799999999974e+03,9.265500000000001180e+00,1.429992872068482335e+01,-1.553999999999999915e+01,3.575000000000000000e+01,3.484049420000000100e+04,1.920000000000000040e-01,2.404558725975863176e+00,-4.509999999999999787e+00,3.850000000000000089e+00,6.982519999999999527e+02,1.575833333333333253e-01,1.780345938216003621e+00,-2.810000000000000053e+00,3.720000000000000195e+00,3.833357000000000312e+02,4.233333333333334086e-02,1.421326102233012811e+00,-2.069999999999999840e+00,2.720000000000000195e+00,2.426351999999999975e+02
-3.273499999999999854e+00,6.823617888139204446e+00,-1.707999999999999829e+01,1.164000000000000057e+01,6.873307600000000093e+03,-2.435416666666667229e+00,2.049321390051404901e+00,-8.470000000000000639e+00,1.889999999999999902e+00,1.215716699999999946e+03,9.288166666666665350e+00,1.178940541215808047e+01,-1.172000000000000064e+01,3.133999999999999986e+01,2.703121440000000075e+04,-9.558333333333332571e-02,2.151700411238103516e+00,-3.919999999999999929e+00,3.279999999999999805e+00,5.566740999999999531e+02,5.691666666666665014e-02,1.633847603987457653e+00,-3.279999999999999805e+00,4.290000000000000036e+00,3.207236999999999512e+02,-1.200000000000000719e-02,1.081366881929224588e+00,-1.870000000000000107e+00,2.250000000000000000e+00,1.403397999999999968e+02
-8.396583333333332178e+00,9.103132564840279883e+00,-2.392999999999999972e+01,7.559999999999999609e+00,1.840435609999999724e+04,-1.121416666666666506e+00,1.511608577990861901e+00,-3.819999999999999840e+00,2.140000000000000124e+00,4.251042999999999665e+02,6.562666666666667759e+00,9.666331407979393830e+00,-9.000000000000000000e+00,2.303000000000000114e+01,1.638078679999999986e+04,-9.933333333333334292e-02,1.575720857963815336e+00,-2.640000000000000124e+00,2.279999999999999805e+00,2.991315999999999917e+02,-1.524999999999999967e-01,5.937834201120809619e-01,-1.850000000000000089e+00,1.419999999999999929e+00,4.510020000000000095e+01,-9.108333333333333559e-02,1.459387883002855268e+00,-2.890000000000000124e+00,2.500000000000000000e+00,2.565731000000000108e+02
-2.296833333333333282e+00,7.986112945120562578e+00,-2.328999999999999915e+01,1.371000000000000085e+01,8.286413199999999051e+03,-1.878750000000000142e+00,4.790075949728424654e+00,-2.082000000000000028e+01,4.309999999999999609e+00,3.176943500000000313e+03,1.031250000000000000e+01,3.133244923398105897e+00,4.330000000000000071e+00,2.067000000000000171e+01,1.393978559999999925e+04,-2.222499999999999754e-01,1.071207622654606340e+00,-3.189999999999999947e+00,1.889999999999999902e+00,1.436256999999999948e+02,-2.126666666666666983e-01,1.619647972726035334e+00,-4.910000000000000142e+00,2.839999999999999858e+00,3.202183999999999742e+02,-5.984166666666667078e-01,3.296270366093911441e+00,-8.730000000000000426e+00,5.309999999999999609e+00,1.346820099999999911e+03
-9.340166666666668505e+00,1.133092596858507228e+01,-2.998000000000000043e+01,9.609999999999999432e+00,2.587543159999999989e+04,-2.468750000000000000e+00,1.719538001179386599e+00,-5.219999999999999751e+00,7.600000000000000089e-01,1.086184500000000071e+03,5.419916666666665606e+00,7.802605066667727129e+00,-5.110000000000000320e+00,2.048000000000000043e+01,1.083073709999999846e+04,-5.016666666666666496e-02,1.447238740575383487e+00,-2.479999999999999982e+00,2.229999999999999982e+00,2.516420000000000243e+02,-3.833333333333333037e-02,3.708825809995514589e-01,-9.100000000000000311e-01,9.699999999999999734e-01,1.668280000000000030e+01,-7.791666666666664798e-02,2.180393655525431740e+00,-3.709999999999999964e+00,3.520000000000000018e+00,5.712224999999999682e+02
8.758666666666666600e+00,2.398098181661645345e+00,4.259999999999999787e+00,1.291000000000000014e+01,9.895814000000000306e+03,4.058333333333333792e-01,8.547890415509288298e-01,-1.479999999999999982e+00,1.969999999999999973e+00,1.074438000000000102e+02,2.332500000000000018e+00,1.019101926943522152e+01,-1.433999999999999986e+01,1.726000000000000156e+01,1.311569160000000011e+04,2.199166666666666770e-01,2.028617548904234180e+00,-2.790000000000000036e+00,3.189999999999999947e+00,4.996382999999999583e+02,-1.994999999999999829e-01,7.701773064258211621e-01,-2.129999999999999893e+00,1.330000000000000071e+00,7.595679999999998699e+01,-1.158333333333333263e-02,4.507974338756698396e-01,-7.800000000000000266e-01,6.999999999999999556e-01,2.440230000000000032e+01
-3.563583333333333325e+00,8.461444793476795567e+00,-1.816000000000000014e+01,1.086999999999999922e+01,1.011542090000000098e+04,-1.340666666666666673e+00,2.881900048386288216e+00,-7.179999999999999716e+00,3.779999999999999805e+00,1.212328200000000152e+03,8.710416666666667140e+00,1.157581907799136545e+01,-8.259999999999999787e+00,2.896999999999999886e+01,2.518451350000000093e+04,1.030000000000000082e-01,2.882349042014169527e+00,-4.589999999999999858e+00,4.400000000000000355e+00,9.982253999999999223e+02,-7.163333333333332664e-01,1.498499768286787548e+00,-4.089999999999999858e+00,1.209999999999999964e+00,3.310362000000000080e+02,9.966666666666666730e-02,2.473303436476990136e+00,-3.709999999999999964e+00,4.339999999999999858e+00,7.352595999999999776e+02
-8.142916666666666359e+00,1.234196981818767647e+01,-2.964000000000000057e+01,9.500000000000000000e+00,2.623575730000000112e+04,4.419500000000000206e+00,1.089641263597030507e+00,2.439999999999999947e+00,7.179999999999999716e+00,2.486315800000000309e+03,-2.386583333333333279e+00,4.056827885559794566e+00,-8.390000000000000568e+00,5.549999999999999822e+00,2.658435900000000402e+03,7.966666666666667729e-02,6.686714855260058599e-01,-8.499999999999999778e-01,1.510000000000000009e+00,5.441620000000000346e+01,4.083333333333312963e-03,1.304464446834621594e+00,-3.180000000000000160e+00,1.459999999999999964e+00,2.041973000000000127e+02,1.083333333333333370e-01,2.243510394201214453e+00,-3.859999999999999876e+00,3.120000000000000107e+00,6.054089999999999918e+02
3.933666666666666867e+00,7.634995517716794744e+00,-5.559999999999999609e+00,1.971999999999999886e+01,8.852026799999999639e+03,-7.522499999999999742e-01,2.784769129419289335e+00,-5.910000000000000142e+00,4.629999999999999893e+00,9.984982999999999720e+02,8.258333333333334636e+00,7.584019968914170740e+00,-3.299999999999999822e+00,1.976000000000000156e+01,1.508609140000000116e+04,-2.245833333333333570e-01,1.511204208478199806e+00,-2.479999999999999982e+00,2.540000000000000036e+00,2.801011000000000308e+02,-3.699166666666666714e-01,2.681588330117473662e-01,-9.000000000000000222e-01,3.499999999999999778e-01,2.504970000000000141e+01,1.309166666666666812e-01,1.721468363458616979e+00,-2.359999999999999876e+00,2.729999999999999982e+00,3.576711000000000240e+02
5.324999999999997791e-02,7.340739195578331433e+00,-1.133000000000000007e+01,1.181000000000000050e+01,6.466714500000000044e+03,-6.419166666666666909e-01,2.056528343200960673e+00,-3.959999999999999964e+00,2.790000000000000036e+00,5.569638999999999669e+02,1.006883333333333397e+01,7.592098324720394587e+00,-1.580000000000000071e+00,2.296000000000000085e+01,1.908256339999999909e+04,6.133333333333334386e-02,1.653797112371674372e+00,-2.689999999999999947e+00,2.569999999999999840e+00,3.286568000000000325e+02,-3.603333333333332833e-01,5.565472925896673972e-01,-1.929999999999999938e+00,1.050000000000000044e+00,5.275019999999999953e+01,9.674999999999998879e-02,1.838108703033274338e+00,-2.700000000000000178e+00,2.870000000000000107e+00,4.065604999999999905e+02
3.196249999999999591e+00,4.164049323775276257e+00,-3.049999999999999822e+00,1.126999999999999957e+01,3.306638500000000022e+03,-4.292499999999999649e-01,2.184451938320761677e+00,-4.190000000000000391e+00,3.830000000000000071e+00,5.947302999999999429e+02,9.532666666666667510e+00,9.219950174606271531e+00,-3.990000000000000213e+00,2.683999999999999986e+01,2.110550579999999900e+04,-1.333333333333333315e-01,2.281735207151687650e+00,-3.819999999999999840e+00,3.399999999999999911e+00,6.268912000000000262e+02,-4.750000000000005954e-03,6.615662759693846651e-01,-1.159999999999999920e+00,1.949999999999999956e+00,5.252309999999999945e+01,-7.166666666666669273e-03,1.188294424327947851e+00,-1.629999999999999893e+00,2.020000000000000018e+00,1.694514000000000067e+02
-8.573749999999998650e+00,9.714779038703522218e+00,-2.644999999999999929e+01,1.051999999999999957e+01,2.014633449999999721e+04,-1.693999999999999950e+00,1.703570466207175338e+00,-5.259999999999999787e+00,2.250000000000000000e+00,6.926145999999998821e+02,4.802000000000000490e+00,6.610155898312838119e+00,-6.139999999999999680e+00,1.842000000000000171e+01,8.010403800000001866e+03,5.050000000000000322e-02,1.117719292428410505e+00,-2.259999999999999787e+00,2.220000000000000195e+00,1.502215999999999667e+02,-1.084999999999999992e-01,4.774806278792889658e-01,-1.409999999999999920e+00,1.060000000000000053e+00,2.877119999999999678e+01,4.700000000000001399e-02,1.709852625228268197e+00,-3.229999999999999982e+00,3.029999999999999805e+00,3.510965999999999667e+02
-8.051333333333333897e+00,1.193182885767680190e+01,-3.053999999999999915e+01,9.660000000000000142e+00,2.486310100000000239e+04,-2.140833333333333199e-01,1.391904268639031050e+00,-5.250000000000000000e+00,2.350000000000000089e+00,2.379875000000000114e+02,-5.941333333333333577e+00,1.268716805367621170e+01,-2.825000000000000000e+01,1.127999999999999936e+01,2.355164100000000326e+04,1.310833333333333295e-01,2.227731954190678820e+00,-3.439999999999999947e+00,3.770000000000000018e+00,5.975966999999999416e+02,-1.479166666666666685e-01,9.956579866544981172e-01,-2.379999999999999893e+00,2.770000000000000018e+00,1.215857000000000028e+02,-2.017500000000000127e-01,1.943281444061393026e+00,-3.839999999999999858e+00,2.890000000000000124e+00,4.580455000000000041e+02
-9.385916666666666686e+00,1.579111287485428861e+01,-3.934000000000000341e+01,1.431000000000000050e+01,4.049456130000000121e+04,-8.569999999999998730e-01,2.589336980773263353e+00,-6.719999999999999751e+00,3.379999999999999893e+00,8.926937999999997828e+02,1.682416666666666893e+00,2.913426389389114135e+00,-2.399999999999999911e+00,1.415000000000000036e+01,1.358229500000000144e+03,2.105833333333333723e-01,5.528144592798643897e-01,-9.899999999999999911e-01,1.840000000000000080e+00,4.199389999999999645e+01,1.491666666666665968e-02,1.004455072691434747e+00,-3.209999999999999964e+00,2.279999999999999805e+00,1.210982999999999947e+02,2.617499999999999827e-01,3.209142580840973924e+00,-5.599999999999999645e+00,4.980000000000000426e+00,1.244053100000000086e+03
-5.599999999999993178e-02,7.085789934792027012e+00,-1.116999999999999993e+01,1.189000000000000057e+01,6.025386599999999817e+03,-3.851666666666667127e-01,1.977935785667022550e+00,-3.580000000000000071e+00,3.000000000000000000e+00,4.872699999999999818e+02,1.001050000000000040e+01,7.542345993345395350e+00,-6.999999999999999556e-01,2.269999999999999929e+01,1.885165120000000024e+04,1.700000000000000469e-02,1.602219086142716131e+00,-2.439999999999999947e+00,2.189999999999999947e+00,3.080874000000000024e+02,-2.839166666666667060e-01,4.833602794212845111e-01,-1.149999999999999911e+00,7.500000000000000000e-01,3.770949999999999847e+01,9.058333333333333515e-02,1.702934866553099447e+00,-2.410000000000000142e+00,2.529999999999999805e+00,3.489831000000000358e+02
4.212333333333333485e+00,9.887456340681808342e+00,-1.146000000000000085e+01,3.194999999999999929e+01,1.386066540000000168e+04,-1.483083333333333531e+00,2.239473076355735781e+00,-6.900000000000000355e+00,4.389999999999999680e+00,8.657730999999999995e+02,5.794250000000000789e+00,8.421610164976371493e+00,-1.341999999999999993e+01,2.417999999999999972e+01,1.253962210000000050e+04,1.124166666666666786e-01,1.597476653889571496e+00,-3.250000000000000000e+00,3.060000000000000053e+00,3.077482999999999720e+02,7.823333333333334361e-01,2.247682040582153817e+00,-5.339999999999999858e+00,4.429999999999999716e+00,6.796944000000000869e+02,2.500000000000000139e-02,1.579802202808946676e+00,-3.310000000000000053e+00,3.750000000000000000e+00,2.995679999999999836e+02
-7.286833333333333940e+00,1.101899087812591915e+01,-2.792999999999999972e+01,7.639999999999999680e+00,2.094193200000000070e+04,-7.734166666666666412e-01,1.551726724133115187e+00,-4.339999999999999858e+00,2.540000000000000036e+00,3.607235000000000014e+02,-5.610999999999999766e+00,8.025388921001480824e+00,-2.228999999999999915e+01,6.370000000000000107e+00,1.150682260000000133e+04,6.491666666666667806e-02,1.674680564482538880e+00,-2.879999999999999893e+00,3.189999999999999947e+00,3.370523000000000025e+02,-9.850000000000000422e-02,1.307142972287270499e+00,-2.899999999999999911e+00,2.740000000000000213e+00,2.061990000000000123e+02,-1.633333333333333581e-01,2.309891892612196518e+00,-3.879999999999999893e+00,3.500000000000000000e+00,6.434734000000000833e+02
2.667250000000000121e+00,6.027829897304114226e+00,-6.160000000000000142e+00,1.348000000000000043e+01,5.213874699999999393e+03,-7.635833333333332806e-01,2.569454804633767964e+00,-4.650000000000000355e+00,4.070000000000000284e+00,8.622189000000000760e+02,9.601166666666667737e+00,7.161344285273695931e+00,-2.819999999999999840e+00,2.021999999999999886e+01,1.721607039999999688e+04,1.208333333333334522e-02,1.931947590659631508e+00,-3.100000000000000089e+00,3.490000000000000213e+00,4.479080999999999904e+02,5.242499999999999938e-01,1.701425707311371216e+00,-2.580000000000000071e+00,3.629999999999999893e+00,3.803624999999999545e+02,-7.849999999999998646e-02,2.446085529303230643e+00,-3.799999999999999822e+00,3.819999999999999840e+00,7.187395999999999958e+02
-2.351333333333333275e+00,9.046753463106101734e+00,-2.351999999999999957e+01,1.664999999999999858e+01,1.048470199999999932e+04,-2.139166666666666661e+00,4.983223953649105198e+00,-1.839000000000000057e+01,3.000000000000000000e+00,3.529026600000000144e+03,1.111875000000000036e+01,3.815524333233900389e+00,5.899999999999999689e-01,2.123000000000000043e+01,1.658217929999999978e+04,-7.916666666666667337e-03,1.221780733078657644e+00,-4.000000000000000000e+00,1.979999999999999982e+00,1.791372999999999820e+02,6.033333333333334991e-02,1.726859352183096163e+00,-5.679999999999999716e+00,2.819999999999999840e+00,3.582820000000000391e+02,-2.872500000000000053e-01,3.586300313345216928e+00,-8.730000000000000426e+00,5.889999999999999680e+00,1.553287499999999909e+03
2.569583333333333552e+00,5.884205468290137020e+00,-1.041000000000000014e+01,1.414000000000000057e+01,4.947195900000000620e+03,9.252500000000000169e-01,2.198393717581088591e+00,-4.209999999999999964e+00,3.759999999999999787e+00,6.826827000000000680e+02,8.885583333333332945e+00,6.309784570521317804e+00,-8.199999999999999512e-01,2.471999999999999886e+01,1.425203670000000056e+04,8.925000000000000988e-02,1.499304373423444359e+00,-3.020000000000000018e+00,3.020000000000000018e+00,2.707054999999999723e+02,-1.032500000000000084e-01,9.320319759357328371e-01,-2.419999999999999929e+00,1.469999999999999973e+00,1.055213000000000108e+02,-1.314166666666666539e-01,1.917154704170277002e+00,-3.959999999999999964e+00,2.919999999999999929e+00,4.431303000000000338e+02
-4.343666666666666565e+00,4.264266043399366879e+00,-1.443999999999999950e+01,6.860000000000000320e+00,4.446168600000000879e+03,3.337500000000001021e-01,1.777535776714494142e+00,-3.589999999999999858e+00,4.110000000000000320e+00,3.925226999999999862e+02,-9.388916666666666799e+00,1.205939708248532405e+01,-3.085999999999999943e+01,1.130000000000000071e+01,2.802969770000000426e+04,1.142500000000000321e-01,2.404820735695975653e+00,-4.250000000000000000e+00,4.129999999999999893e+00,6.955458999999999605e+02,-1.465833333333333433e-01,1.122915473097696015e+00,-2.169999999999999929e+00,2.279999999999999805e+00,1.538910999999999945e+02,-5.424999999999999961e-02,7.696218362503323140e-01,-1.939999999999999947e+00,1.679999999999999938e+00,7.143130000000000734e+01
4.383166666666666877e+00,9.921897246606731002e+00,-1.527999999999999936e+01,2.064999999999999858e+01,1.411874339999999938e+04,-1.184333333333333460e+00,2.411241634971954095e+00,-6.169999999999999929e+00,3.640000000000000124e+00,8.660077999999999747e+02,8.384833333333332916e+00,9.111860675637123208e+00,-8.429999999999999716e+00,2.339000000000000057e+01,1.839977219999999943e+04,6.291666666666667629e-02,1.578375956393856860e+00,-2.750000000000000000e+00,2.870000000000000107e+00,2.994275000000000091e+02,-1.616666666666665211e-02,1.286007506026133340e+00,-2.350000000000000089e+00,2.299999999999999822e+00,1.984891999999999825e+02,5.191666666666668040e-02,1.909043083079990488e+00,-2.740000000000000213e+00,3.910000000000000142e+00,4.376569000000000074e+02
-3.374583333333333268e+00,1.065796884150018897e+01,-1.826000000000000156e+01,1.666000000000000014e+01,1.499761349999999948e+04,3.279500000000000082e+00,1.363929280913542597e+00,9.599999999999999645e-01,5.820000000000000284e+00,1.513850800000000163e+03,9.703083333333331950e+00,2.263570113719082677e+00,5.790000000000000036e+00,1.455000000000000071e+01,1.191282910000000084e+04,3.133333333333333803e-02,3.792073604536470577e-01,-8.100000000000000533e-01,5.899999999999999689e-01,1.737359999999999616e+01,-1.021666666666666695e-01,1.896485426314218348e+00,-3.229999999999999982e+00,3.060000000000000053e+00,4.328514000000000124e+02,-1.966666666666665522e-02,2.483555224986059518e+00,-3.609999999999999876e+00,3.899999999999999911e+00,7.402119999999999891e+02
-3.444333333333333247e+00,3.748069443801109291e+00,-1.063000000000000078e+01,1.739999999999999991e+00,3.109374800000000505e+03,-9.873333333333332851e-01,2.170883742217031287e+00,-5.160000000000000142e+00,2.620000000000000107e+00,6.825075999999999112e+02,8.776749999999998053e+00,1.313960299771267870e+01,-9.429999999999999716e+00,3.488000000000000256e+01,2.996166089999999895e+04,5.774999999999999578e-02,2.162480235940511974e+00,-4.169999999999999929e+00,3.160000000000000142e+00,5.615586999999999307e+02,-8.075000000000001621e-02,6.856082001891945499e-01,-1.080000000000000071e+00,1.610000000000000098e+00,5.718949999999999534e+01,-8.083333333333332996e-03,5.163256334157952931e-01,-9.399999999999999467e-01,1.020000000000000018e+00,3.199890000000000256e+01
1.043833333333333169e+00,4.514471579142888658e+00,-5.830000000000000071e+00,9.869999999999999218e+00,2.576405000000000200e+03,-1.694833333333333192e+00,1.898368151568311735e+00,-4.549999999999999822e+00,2.200000000000000178e+00,7.771513999999999669e+02,9.982166666666667965e+00,1.073235716446091637e+01,-6.139999999999999680e+00,2.796999999999999886e+01,2.577925699999999779e+04,8.300000000000000433e-02,1.853614307238698355e+00,-3.200000000000000178e+00,2.569999999999999840e+00,4.131330000000000382e+02,4.808333333333333209e-02,7.785470397192166825e-01,-1.110000000000000098e+00,2.319999999999999840e+00,7.301370000000000005e+01,-6.591666666666666508e-02,9.256146568932211993e-01,-1.300000000000000044e+00,1.760000000000000009e+00,1.033329000000000093e+02
2.939999999999999947e+00,5.565278070321374670e+00,-4.860000000000000320e+00,1.205000000000000071e+01,4.753910399999998845e+03,-8.347499999999999920e-01,2.350658405106960558e+00,-5.519999999999999574e+00,3.089999999999999858e+00,7.466883000000000266e+02,8.903666666666667950e+00,5.866966980949829491e+00,-2.180000000000000160e+00,1.912000000000000099e+01,1.364358979999999792e+04,1.949166666666666825e-01,1.779253586869755210e+00,-2.439999999999999947e+00,2.970000000000000195e+00,3.844483000000000175e+02,5.920000000000000817e-01,1.427054425497967127e+00,-1.969999999999999973e+00,3.430000000000000160e+00,2.864338000000000193e+02,4.666666666666664798e-02,2.366201010527681614e+00,-3.910000000000000142e+00,3.529999999999999805e+00,6.721302000000000589e+02
-2.050833333333332009e-01,1.126170494758182095e+01,-1.560999999999999943e+01,2.133999999999999986e+01,1.522416690000000017e+04,-5.267500000000000515e-01,1.481414393127954643e+00,-3.640000000000000124e+00,2.740000000000000213e+00,2.966464999999999463e+02,1.089308333333333323e+01,1.306868901760574131e+00,7.690000000000000391e+00,1.313000000000000078e+01,1.444406049999999959e+04,4.533333333333334353e-02,2.973015678098960834e-01,-3.800000000000000044e-01,5.500000000000000444e-01,1.085320000000000107e+01,-1.127500000000000030e-01,1.357118861473329607e+00,-2.439999999999999947e+00,1.810000000000000053e+00,2.225380999999999858e+02,-6.966666666666669616e-02,3.167319301168664225e+00,-4.950000000000000178e+00,4.339999999999999858e+00,1.204411799999999857e+03
6.023333333333333872e-01,5.945047201008771154e+00,-7.419999999999999929e+00,1.411999999999999922e+01,4.284766999999999825e+03,-1.403333333333333655e-01,1.560388270769668351e+00,-3.660000000000000142e+00,2.209999999999999964e+00,2.945405999999999835e+02,9.592000000000000526e+00,6.948628953493871663e+00,-1.639999999999999902e+00,1.873000000000000043e+01,1.683478899999999703e+04,-2.490833333333333510e-01,1.428574461851938482e+00,-2.250000000000000000e+00,2.270000000000000018e+00,2.523441000000000258e+02,-2.850833333333332997e-01,3.488887020080886359e-01,-1.149999999999999911e+00,2.800000000000000266e-01,2.435950000000000060e+01,4.733333333333333143e-02,1.477387747192847156e+00,-2.399999999999999911e+00,2.140000000000000124e+00,2.621897999999999911e+02
-8.786333333333335105e+00,1.161798174765690028e+01,-3.155000000000000071e+01,7.639999999999999680e+00,2.546125840000000244e+04,-9.130833333333332469e-01,9.263600774296977258e-01,-3.100000000000000089e+00,1.300000000000000044e+00,2.030236999999999910e+02,-5.945249999999999702e+00,7.736375223847836935e+00,-2.132999999999999829e+01,5.540000000000000036e+00,1.142369989999999962e+04,-4.541666666666667462e-02,1.420719240287194207e+00,-2.339999999999999858e+00,2.740000000000000213e+00,2.424607000000000312e+02,-4.311666666666666980e-01,1.449351109596597631e+00,-5.719999999999999751e+00,1.500000000000000000e+00,2.743827999999999747e+02,-1.283333333333333270e-01,2.066376592546049551e+00,-3.899999999999999911e+00,2.899999999999999911e+00,5.143658000000000357e+02
-3.975249999999999950e+00,9.165973849197184720e+00,-2.028000000000000114e+01,9.810000000000000497e+00,1.197812269999999990e+04,-1.697916666666666741e+00,2.593322160162305767e+00,-6.959999999999999964e+00,3.640000000000000124e+00,1.152988899999999830e+03,8.538416666666668320e+00,1.125795829593694819e+01,-1.181000000000000050e+01,3.005000000000000071e+01,2.395754209999999875e+04,-2.837500000000000022e-01,3.119954076184455971e+00,-5.940000000000000391e+00,4.959999999999999964e+00,1.177755300000000034e+03,-1.116416666666666613e+00,2.454007197705191601e+00,-7.290000000000000036e+00,1.929999999999999938e+00,8.722245000000000346e+02,-5.083333333333343342e-03,2.999785268935465155e+00,-4.150000000000000355e+00,4.860000000000000320e+00,1.079848500000000058e+03
4.285166666666667012e+00,7.644567895280644620e+00,-8.630000000000000782e+00,1.646000000000000085e+01,9.216248599999998987e+03,-1.244250000000000078e+00,2.288340979290455213e+00,-5.280000000000000249e+00,2.959999999999999964e+00,8.141594999999999800e+02,8.810750000000000526e+00,9.091531789023965970e+00,-5.610000000000000320e+00,2.441000000000000014e+01,1.923423189999999886e+04,9.999999999999989800e-03,1.621785538637379176e+00,-2.750000000000000000e+00,2.640000000000000124e+00,3.156345999999999776e+02,-3.325000000000000872e-02,8.777396752454568185e-01,-1.570000000000000062e+00,1.840000000000000080e+00,9.258389999999999986e+01,3.899999999999999994e-02,1.605098335513019947e+00,-2.259999999999999787e+00,2.850000000000000089e+00,3.093433999999999742e+02
8.758000000000000895e+00,1.676211887958480418e+01,-1.692000000000000171e+01,4.090999999999999659e+01,4.292054320000000007e+04,-1.415083333333333249e+00,2.847748817292159007e+00,-7.839999999999999858e+00,4.030000000000000249e+00,1.213456100000000106e+03,1.754583333333333162e+00,3.608357173708772070e+00,-5.669999999999999929e+00,1.061999999999999922e+01,1.931856499999999869e+03,-7.339999999999999858e-01,6.215979407945299018e-01,-2.220000000000000195e+00,4.699999999999999734e-01,1.110168000000000035e+02,-1.645833333333333315e-01,1.096169007523728256e+00,-2.419999999999999929e+00,1.719999999999999973e+00,1.474408999999999992e+02,-1.824166666666666714e-01,2.832563619713107439e+00,-4.200000000000000178e+00,5.040000000000000036e+00,9.668031000000000859e+02
-7.920333333333333670e+00,1.417906919449306713e+01,-3.325999999999999801e+01,1.166999999999999993e+01,3.165332200000000012e+04,3.495166666666666533e+00,1.214399016889515570e+00,1.120000000000000107e+00,5.839999999999999858e+00,1.642914600000000064e+03,-1.541333333333333222e+00,2.992101249772288529e+00,-5.870000000000000107e+00,4.799999999999999822e+00,1.359405400000000100e+03,1.140833333333333144e-01,4.875491357004155257e-01,-5.899999999999999689e-01,1.179999999999999938e+00,3.008629999999999782e+01,1.575000000000000358e-02,1.577002780857831521e+00,-3.609999999999999876e+00,2.160000000000000142e+00,2.984623000000000275e+02,3.950000000000000733e-02,2.529294977525028187e+00,-4.080000000000000071e+00,3.520000000000000018e+00,7.678672000000000253e+02
1.741583333333333483e+00,1.298090261264172929e+00,1.100000000000000006e-01,5.790000000000000036e+00,5.661780999999999722e+02,3.361083333333333201e+00,1.723491995839325552e+00,-4.110000000000000320e+00,5.879999999999999893e+00,1.712076700000000073e+03,8.232833333333333670e+00,1.822609476974032194e+00,3.339999999999999858e+00,1.060999999999999943e+01,8.532173999999999069e+03,3.452500000000000568e-01,8.625011714967889542e-01,-9.000000000000000222e-01,3.250000000000000000e+00,1.035726999999999975e+02,7.050000000000000711e-02,5.415838654662206153e-01,-1.850000000000000089e+00,1.080000000000000071e+00,3.579399999999999693e+01,-4.291666666666666546e-02,5.486960236678309899e-01,-1.469999999999999973e+00,7.800000000000000266e-01,3.634910000000000707e+01
-6.438750000000000639e+00,1.088966945951528764e+01,-2.660999999999999943e+01,1.230000000000000071e+01,1.920508829999999944e+04,-5.265833333333334032e-01,2.600932683940299306e+00,-7.379999999999999893e+00,4.750000000000000000e+00,8.450569000000000415e+02,7.934833333333333627e+00,1.613219028233784513e+01,-1.846999999999999886e+01,3.581000000000000227e+01,3.878509720000000380e+04,-5.266666666666668106e-02,2.914706598537073035e+00,-5.250000000000000000e+00,5.139999999999999680e+00,1.019794599999999832e+03,-6.873333333333332407e-01,2.619892088532570718e+00,-6.030000000000000249e+00,3.149999999999999911e+00,8.803514000000000124e+02,5.183333333333333542e-02,2.417927826098666078e+00,-3.680000000000000160e+00,4.349999999999999645e+00,7.018873999999999569e+02
2.778583333333333183e+00,5.568978256950630978e+00,-6.940000000000000391e+00,1.050000000000000000e+01,4.648085300000000643e+03,-2.849333333333333496e+00,3.443374007504203416e+00,-8.439999999999999503e+00,3.109999999999999876e+00,2.397063000000000102e+03,1.042375000000000007e+01,6.718810790422662826e+00,-5.400000000000000355e-01,2.060000000000000142e+01,1.845563790000000154e+04,1.801666666666666416e-01,2.470458791173997692e+00,-3.680000000000000160e+00,3.669999999999999929e+00,7.362752000000000407e+02,-6.232499999999999707e-01,7.781025666110262806e-01,-2.729999999999999982e+00,7.700000000000000178e-01,1.192660999999999945e+02,4.689166666666666483e-01,2.294836521350098746e+00,-3.560000000000000053e+00,3.709999999999999964e+00,6.583388999999999669e+02
-4.557416666666665783e+00,7.975616119965626361e+00,-2.521000000000000085e+01,1.325000000000000000e+01,1.012565989999999874e+04,-1.514666666666666606e+00,4.328669528722294046e+00,-1.599000000000000021e+01,3.689999999999999947e+00,2.523791400000000067e+03,1.061766666666666659e+01,4.407732737915139865e+00,1.520000000000000018e+00,2.178999999999999915e+01,1.585955440000000090e+04,6.200000000000002731e-02,1.562895603252714594e+00,-3.910000000000000142e+00,3.589999999999999858e+00,2.935783999999999878e+02,-1.172500000000000070e-01,2.188929708974989286e+00,-5.870000000000000107e+00,4.459999999999999964e+00,5.766193000000000666e+02,-4.247500000000000164e-01,3.226492926408900175e+00,-8.730000000000000426e+00,5.580000000000000071e+00,1.270880300000000034e+03
9.888666666666667382e+00,1.444676139793583225e+01,-1.511999999999999922e+01,3.689000000000000057e+01,3.677935719999999856e+04,-1.714416666666666922e+00,1.993719219546445709e+00,-4.570000000000000284e+00,3.069999999999999840e+00,8.296968999999999141e+02,2.823999999999999844e+00,3.608090307443352351e+00,-4.129999999999999893e+00,1.041999999999999993e+01,2.519195000000000164e+03,7.108333333333333171e-01,6.172797627944363041e-01,-1.000000000000000000e+00,1.679999999999999938e+00,1.063582000000000107e+02,-1.832500000000000240e-01,8.713028200153301039e-01,-2.060000000000000053e+00,1.250000000000000000e+00,9.512989999999999213e+01,1.285833333333333550e-01,2.338681714069321682e+00,-3.720000000000000195e+00,4.150000000000000355e+00,6.583159000000000560e+02
3.287833333333333385e+00,1.235162426453388385e+01,-1.876000000000000156e+01,2.060999999999999943e+01,1.960469640000000072e+04,6.209166666666665613e-01,1.779530835095463059e+00,-2.020000000000000018e+00,4.669999999999999929e+00,4.262721000000000231e+02,-8.387583333333333613e+00,3.320577007045947493e+00,-1.384999999999999964e+01,-7.600000000000000089e-01,9.765334299999998620e+03,1.448333333333333139e-01,6.252439301762330315e-01,-1.270000000000000018e+00,1.449999999999999956e+00,4.942879999999999541e+01,-7.141666666666668384e-02,1.276336094603960136e+00,-5.570000000000000284e+00,1.830000000000000071e+00,1.960960999999999785e+02,7.299999999999998157e-02,2.518060298457259982e+00,-3.680000000000000160e+00,3.799999999999999822e+00,7.615147999999999229e+02
-8.782500000000000639e+00,9.123248530539985524e+00,-2.678000000000000114e+01,3.109999999999999876e+00,1.924391639999999825e+04,-4.233333333333330617e-02,1.330059981938993330e+00,-3.279999999999999805e+00,2.660000000000000142e+00,2.125021999999999878e+02,-5.790499999999999758e+00,4.934009669291971711e+00,-1.657000000000000028e+01,8.599999999999999867e-01,6.944921000000000276e+03,3.458333333333332704e-02,1.201354718524975107e+00,-1.800000000000000044e+00,2.180000000000000160e+00,1.733338999999999714e+02,-8.533333333333333048e-02,6.246051197000834776e-01,-2.029999999999999805e+00,9.399999999999999467e-01,4.768960000000000576e+01,-7.008333333333331694e-02,2.372380483759344738e+00,-4.150000000000000355e+00,3.229999999999999982e+00,6.759720999999999549e+02
-4.616916666666666558e+00,9.466936040401643382e+00,-1.957000000000000028e+01,1.203999999999999915e+01,1.331265569999999934e+04,-1.708749999999999991e+00,2.859928776065352451e+00,-6.440000000000000391e+00,3.549999999999999822e+00,1.331882300000000214e+03,1.001091666666666846e+01,1.379104292622771588e+01,-1.506000000000000050e+01,3.307999999999999829e+01,3.484935809999999765e+04,-2.490833333333333510e-01,3.100376588909087960e+00,-4.849999999999999645e+00,4.790000000000000036e+00,1.160925299999999879e+03,-5.094999999999999529e-01,1.568585270235571150e+00,-3.850000000000000089e+00,1.699999999999999956e+00,3.264059999999999491e+02,2.755833333333333468e-01,2.367122654135653814e+00,-3.470000000000000195e+00,4.830000000000000071e+00,6.815058999999999969e+02
-7.876416666666667510e+00,1.648135369621446600e+01,-3.903000000000000114e+01,1.566999999999999993e+01,4.004075510000000213e+04,3.194249999999999812e+00,2.004378400111449299e+00,-1.439999999999999947e+00,6.940000000000000391e+00,1.706491900000000214e+03,-2.142916666666666359e+00,4.857068285127242646e+00,-1.096000000000000085e+01,7.469999999999999751e+00,3.381984500000000025e+03,2.083333333333333426e-01,8.225704968099829539e-01,-8.900000000000000133e-01,2.120000000000000107e+00,8.640300000000000580e+01,-1.489166666666666416e-01,1.442097890709534536e+00,-3.850000000000000089e+00,1.959999999999999964e+00,2.522186999999999841e+02,-2.480833333333332946e-01,2.980060484798178866e+00,-5.500000000000000000e+00,4.120000000000000107e+00,1.073076700000000073e+03
-7.232499999999999929e+00,1.022632153236604147e+01,-3.053000000000000114e+01,3.220000000000000195e+00,1.882640499999999884e+04,-3.358333333333333171e-01,1.314454629198825497e+00,-3.470000000000000195e+00,2.029999999999999805e+00,2.208689999999999714e+02,6.871499999999999275e+00,1.438951601282452231e+01,-8.970000000000000639e+00,3.727000000000000313e+01,3.051308199999999852e+04,-1.576666666666666494e-01,2.828484498022846960e+00,-5.370000000000000107e+00,3.979999999999999982e+00,9.630220000000000482e+02,-1.066666666666666735e-01,9.114551857088507569e-01,-1.540000000000000036e+00,2.669999999999999929e+00,1.010554000000000059e+02,-8.216666666666666563e-02,1.676323448966682950e+00,-3.140000000000000124e+00,2.879999999999999893e+00,3.380173999999999523e+02
4.683666666666666423e+00,8.868465287497919292e+00,-1.106000000000000050e+01,1.805999999999999872e+01,1.207036920000000100e+04,-1.302000000000000046e+00,2.308143048715423973e+00,-4.559999999999999609e+00,3.220000000000000195e+00,8.427273999999999887e+02,8.832166666666667609e+00,7.977837654332713413e+00,-3.959999999999999964e+00,2.253999999999999915e+01,1.699836740000000282e+04,1.499999999999998904e-02,1.407739914425483185e+00,-2.220000000000000195e+00,2.310000000000000053e+00,2.378348000000000013e+02,1.050000000000000586e-02,1.238319324730095650e+00,-2.240000000000000213e+00,2.779999999999999805e+00,1.840253999999999905e+02,7.574999999999999789e-02,1.812000580619848256e+00,-2.509999999999999787e+00,3.379999999999999893e+00,3.946901000000000295e+02
-3.032083333333333464e+00,4.777146096404095488e+00,-1.317999999999999972e+01,1.111999999999999922e+01,3.841758500000000367e+03,9.823333333333333917e-01,3.182464907723082437e+00,-6.639999999999999680e+00,5.459999999999999964e+00,1.331167400000000043e+03,9.934666666666664980e+00,2.954680731013457962e+00,3.450000000000000178e+00,1.692000000000000171e+01,1.289132879999999932e+04,-1.613333333333333286e-01,1.056733909532364457e+00,-3.120000000000000107e+00,1.820000000000000062e+00,1.371258000000000266e+02,2.027500000000000413e-01,1.353797105982527560e+00,-3.580000000000000071e+00,3.720000000000000195e+00,2.248648999999999774e+02,1.054999999999999827e-01,2.343429058025866762e+00,-6.400000000000000355e+00,5.179999999999999716e+00,6.603348000000000866e+02
-8.850166666666666515e+00,1.169018391524368639e+01,-3.035999999999999943e+01,7.459999999999999964e+00,2.579830199999999604e+04,-2.034499999999999975e+00,1.474923077090237067e+00,-4.910000000000000142e+00,7.199999999999999734e-01,7.577505999999999631e+02,3.705916666666666526e+00,5.167270636069770440e+00,-2.830000000000000071e+00,1.497000000000000064e+01,4.852140499999999520e+03,6.599999999999998923e-02,9.557173571023321879e-01,-1.550000000000000044e+00,1.580000000000000071e+00,1.101302000000000021e+02,-5.649999999999999467e-02,3.728240201489169126e-01,-1.159999999999999920e+00,9.200000000000000400e-01,1.706279999999999930e+01,1.451666666666666938e-01,2.332522234025266705e+00,-3.720000000000000195e+00,3.459999999999999964e+00,6.554080000000000155e+02
2.823583333333333112e+00,7.994869479425886993e+00,-9.730000000000000426e+00,1.592999999999999972e+01,8.626867299999999886e+03,-1.513249999999999762e+00,2.008607379297076001e+00,-5.879999999999999893e+00,1.399999999999999911e+00,7.589314999999999145e+02,8.509666666666667822e+00,8.826624962137126218e+00,-2.560000000000000053e+00,3.082000000000000028e+01,1.803884820000000036e+04,1.110833333333333395e-01,1.769181918210284588e+00,-2.549999999999999822e+00,2.560000000000000053e+00,3.770812999999999420e+02,-5.596666666666666456e-01,4.148472275696466482e-01,-1.330000000000000071e+00,5.400000000000000355e-01,5.823900000000001143e+01,-1.929166666666666530e-01,1.798012511929645951e+00,-2.660000000000000142e+00,2.899999999999999911e+00,3.924078999999999837e+02
-9.721916666666665208e+00,1.434677770417648546e+01,-3.275999999999999801e+01,1.166999999999999993e+01,3.604148329999999987e+04,3.189583333333333215e+00,1.282975315320689536e+00,3.400000000000000244e-01,5.629999999999999893e+00,1.418336099999999988e+03,-1.795749999999999735e+00,2.366257827069287778e+00,-5.240000000000000213e+00,4.389999999999999680e+00,1.058867300000000114e+03,6.058333333333333626e-02,3.975535515988870006e-01,-5.300000000000000266e-01,9.000000000000000222e-01,1.940630000000000166e+01,-3.600000000000001116e-02,1.593010462405483940e+00,-3.220000000000000195e+00,2.029999999999999805e+00,3.046774000000000342e+02,9.066666666666667318e-02,2.565543065750840679e+00,-4.110000000000000320e+00,3.839999999999999858e+00,7.908278000000000247e+02
-8.473333333333334494e+00,1.395451685138383802e+01,-3.835000000000000142e+01,1.808999999999999986e+01,3.198311019999999917e+04,-5.667500000000000870e-01,2.068256980527323208e+00,-5.139999999999999680e+00,5.790000000000000036e+00,5.518671000000000504e+02,-1.357499999999999707e+00,1.073470231305926781e+01,-2.019999999999999929e+01,3.057999999999999829e+01,1.404919679999999971e+04,-5.500000000000000028e-02,1.720747415127120483e+00,-4.450000000000000178e+00,3.819999999999999840e+00,3.556796000000000504e+02,-1.299916666666666831e+00,2.124234566392222856e+00,-7.240000000000000213e+00,2.359999999999999876e+00,7.442586999999999762e+02,-5.783333333333336157e-02,2.442440440533925283e+00,-5.419999999999999929e+00,3.930000000000000160e+00,7.162631999999999834e+02
5.120000000000000107e-01,5.469925136599219861e+00,-8.109999999999999432e+00,1.107000000000000028e+01,3.621867000000000189e+03,-1.589416666666666922e+00,3.264520714140983326e+00,-6.269999999999999574e+00,4.400000000000000355e+00,1.582000900000000001e+03,1.028266666666666751e+01,7.561950005712077427e+00,-1.919999999999999929e+00,2.510000000000000142e+01,1.954995859999999811e+04,-8.341666666666666674e-02,2.478907183899568434e+00,-4.110000000000000320e+00,3.649999999999999911e+00,7.382327000000000226e+02,-5.985000000000000320e-01,1.138867602782108523e+00,-3.200000000000000178e+00,1.139999999999999902e+00,1.986265999999999963e+02,3.328333333333333144e-01,2.403707963173193463e+00,-3.750000000000000000e+00,3.359999999999999876e+00,7.066308000000000220e+02
8.079166666666667274e-01,7.774377670252598627e+00,-1.325999999999999979e+01,1.351999999999999957e+01,7.331241299999999683e+03,-1.445000000000000062e+00,2.699710478304417460e+00,-6.110000000000000320e+00,3.069999999999999840e+00,1.125175400000000081e+03,9.798916666666665165e+00,9.017276177412012927e+00,-3.060000000000000053e+00,2.487999999999999901e+01,2.127960450000000128e+04,7.333333333333334758e-02,2.093970046480024383e+00,-3.140000000000000124e+00,3.310000000000000053e+00,5.268106000000000222e+02,-5.428333333333335009e-01,6.210678751598375236e-01,-1.719999999999999973e+00,5.300000000000000266e-01,8.164719999999999800e+01,6.824999999999999123e-02,2.077720169841614339e+00,-3.069999999999999840e+00,3.049999999999999822e+00,5.185894999999999300e+02
9.079666666666668107e+00,1.528353956240358436e+01,-1.773999999999999844e+01,3.634000000000000341e+01,3.792323139999999694e+04,-1.252916666666666901e+00,2.321060962804629924e+00,-4.799999999999999822e+00,3.720000000000000195e+00,8.348549000000000433e+02,3.381499999999999950e+00,4.140916897258383855e+00,-3.990000000000000213e+00,1.127999999999999936e+01,3.429808200000000397e+03,4.384166666666666767e-01,6.805157306941715945e-01,-8.299999999999999600e-01,2.000000000000000000e+00,7.863730000000001041e+01,-3.583333333333329866e-03,6.045560297073842015e-01,-1.320000000000000062e+00,1.310000000000000053e+00,4.386009999999999565e+01,-4.441666666666667374e-02,2.420688536977765537e+00,-3.939999999999999947e+00,4.179999999999999716e+00,7.034047000000000480e+02
4.201666666666666883e-01,6.878079187211758594e+00,-1.033000000000000007e+01,1.243999999999999950e+01,5.698141599999999926e+03,-2.572500000000000231e+00,3.377773490037483839e+00,-8.830000000000000071e+00,3.009999999999999787e+00,2.163253200000000106e+03,9.638583333333333059e+00,8.673191770799002498e+00,-4.410000000000000142e+00,2.405999999999999872e+01,2.017518529999999737e+04,1.570000000000000007e-01,2.599079837173148277e+00,-4.120000000000000107e+00,3.810000000000000053e+00,8.135837999999999965e+02,-6.631666666666666821e-01,1.038108844111359064e+00,-2.930000000000000160e+00,1.459999999999999964e+00,1.820952000000000055e+02,7.616666666666667418e-02,2.725154485936938986e+00,-4.280000000000000249e+00,3.729999999999999982e+00,8.918722000000000207e+02
-8.555666666666667197e+00,1.543320558262461617e+01,-3.470000000000000284e+01,1.300999999999999979e+01,3.736599199999999837e+04,3.413666666666666405e+00,1.447064231086128805e+00,1.900000000000000022e-01,6.190000000000000391e+00,1.649653800000000047e+03,-1.177499999999999991e+00,2.508413592292945804e+00,-4.080000000000000071e+00,5.730000000000000426e+00,9.214374000000000251e+02,8.933333333333333404e-02,4.322474856941204702e-01,-6.300000000000000044e-01,1.320000000000000062e+00,2.337819999999999965e+01,-1.558333333333333792e-02,1.570205822938155249e+00,-3.569999999999999840e+00,2.640000000000000124e+00,2.958947000000000003e+02,4.958333333333332649e-02,2.637554863831693464e+00,-4.379999999999999893e+00,3.899999999999999911e+00,8.350985000000000582e+02
2.776666666666666394e+00,6.402030710815297176e+00,-6.570000000000000284e+00,1.626999999999999957e+01,5.843504999999999200e+03,-8.448333333333333250e-01,2.417476295414060061e+00,-4.580000000000000071e+00,3.490000000000000213e+00,7.869521999999999480e+02,9.495583333333334153e+00,6.897331947431234234e+00,-4.080000000000000071e+00,2.428000000000000114e+01,1.652871489999999903e+04,9.566666666666663599e-02,1.826599177585371603e+00,-2.979999999999999982e+00,2.859999999999999876e+00,4.014740000000000464e+02,3.957499999999999907e-01,1.617467497097443196e+00,-2.200000000000000178e+00,3.259999999999999787e+00,3.327382999999999811e+02,-1.405833333333333102e-01,2.426106034998379180e+00,-3.649999999999999911e+00,3.549999999999999822e+00,7.086904999999999291e+02
4.605000000000000204e-01,5.306267811120480182e+00,-6.879999999999999893e+00,1.259999999999999964e+01,3.404224600000000464e+03,-2.350666666666667126e+00,4.358054560874101035e+00,-1.025999999999999979e+01,4.719999999999999751e+00,2.942192800000000261e+03,9.994583333333332931e+00,9.048367154339075569e+00,-4.339999999999999858e+00,2.889000000000000057e+01,2.181175729999999749e+04,-1.076666666666666466e-01,2.730114079830527452e+00,-3.959999999999999964e+00,4.160000000000000142e+00,8.958138000000000147e+02,-7.369166666666667753e-01,2.017700752438004397e+00,-5.410000000000000142e+00,2.129999999999999893e+00,5.536994999999999436e+02,3.639166666666666661e-01,2.492931439033617469e+00,-4.080000000000000071e+00,4.259999999999999787e+00,7.616571000000000140e+02
-6.158666666666666067e+00,9.366025743196644271e+00,-2.210000000000000142e+01,8.460000000000000853e+00,1.507819360000000052e+04,2.720000000000000195e-01,1.914208539666807818e+00,-3.750000000000000000e+00,3.589999999999999858e+00,4.485814000000000306e+02,8.759250000000001535e+00,1.240558598390929035e+01,-9.820000000000000284e+00,2.771000000000000085e+01,2.767476290000000154e+04,-1.140833333333333144e-01,2.450377690558924737e+00,-3.939999999999999947e+00,3.660000000000000142e+00,7.220839000000000851e+02,-3.850000000000000089e-01,2.057645904101740086e+00,-4.179999999999999716e+00,2.649999999999999911e+00,5.258558000000000447e+02,2.236666666666667080e-01,2.261214250991906649e+00,-3.359999999999999876e+00,4.110000000000000320e+00,6.195740000000000691e+02
-4.486500000000000377e+00,6.017455947768403313e+00,-1.810000000000000142e+01,6.959999999999999964e+00,6.760614999999999782e+03,-2.663499999999999979e+00,2.068859851061287891e+00,-7.480000000000000426e+00,8.199999999999999512e-01,1.364929599999999937e+03,-8.255000000000000782e+00,2.188688583756644590e+01,-4.652000000000000313e+01,2.044999999999999929e+01,6.566169560000000638e+04,-2.522500000000000298e-01,3.503355882222073170e+00,-5.009999999999999787e+00,5.349999999999999645e+00,1.480455899999999929e+03,-1.808333333333333667e-02,1.304372962917005996e+00,-3.140000000000000124e+00,2.040000000000000036e+00,2.042058999999999855e+02,1.318333333333333302e-01,9.853019700691875160e-01,-2.140000000000000124e+00,1.629999999999999893e+00,1.185840000000000032e+02
-6.126916666666667233e+00,1.087289165737687036e+01,-3.253000000000000114e+01,5.370000000000000107e+00,1.869106569999999920e+04,-1.985750000000000126e+00,1.556731438249171040e+00,-6.230000000000000426e+00,1.439999999999999947e+00,7.639938999999999396e+02,8.234750000000000014e+00,1.918814008541474081e+01,-1.383999999999999986e+01,5.024000000000000199e+01,5.231949930000001041e+04,4.349999999999999978e-01,3.627642485141003625e+00,-6.459999999999999964e+00,5.330000000000000071e+00,1.601881799999999885e+03,-1.680000000000000104e-01,7.933154059599077934e-01,-1.510000000000000009e+00,2.100000000000000089e+00,7.890879999999999939e+01,1.604999999999999760e-01,1.762760075374222302e+00,-3.470000000000000195e+00,2.910000000000000142e+00,3.759699999999999704e+02
8.223000000000000753e+00,1.377475635598200654e+01,-1.225999999999999979e+01,3.389000000000000057e+01,3.088339700000000084e+04,-2.337749999999999773e+00,2.377752602248602631e+00,-7.639999999999999680e+00,2.979999999999999982e+00,1.334253899999999931e+03,-5.777499999999999858e-01,4.648608118297346437e+00,-1.141999999999999993e+01,8.160000000000000142e+00,2.633202299999999923e+03,-2.724166666666666403e-01,6.857963689917162542e-01,-1.770000000000000018e+00,1.280000000000000027e+00,6.534329999999999927e+01,9.050000000000001099e-02,1.887953852719922887e+00,-3.290000000000000036e+00,3.399999999999999911e+00,4.287072000000000003e+02,-1.205000000000000099e-01,2.191035847112806856e+00,-3.680000000000000160e+00,3.759999999999999787e+00,5.778189999999999600e+02
-7.856333333333334501e+00,1.320872886474024810e+01,-3.625000000000000000e+01,8.369999999999999218e+00,2.834309900000000198e+04,-1.408083333333333131e+00,1.488823526498542327e+00,-5.950000000000000178e+00,1.840000000000000080e+00,5.039153000000000020e+02,7.620166666666666977e+00,1.520038184736013598e+01,-1.216999999999999993e+01,3.732000000000000028e+01,3.469422580000000016e+04,-1.564166666666666761e-01,2.966992808617656241e+00,-4.969999999999999751e+00,3.950000000000000178e+00,1.059301500000000033e+03,-1.508333333333333054e-02,8.407278551284529389e-01,-1.139999999999999902e+00,2.390000000000000124e+00,8.484610000000000696e+01,6.499999999999995365e-03,2.397966725512818087e+00,-3.950000000000000178e+00,3.990000000000000213e+00,6.900344000000000051e+02
-8.191583333333333883e+00,1.126325115851201453e+01,-3.067999999999999972e+01,5.379999999999999893e+00,2.327554370000000199e+04,-2.310083333333333488e+00,1.111431881128523758e+00,-4.769999999999999574e+00,-3.300000000000000155e-01,7.886118999999999915e+02,-4.682666666666666089e+00,7.455312170228390656e+00,-2.141000000000000014e+01,4.690000000000000391e+00,9.301085599999998522e+03,-3.733333333333333642e-02,1.331190402943503992e+00,-2.310000000000000053e+00,2.240000000000000213e+00,2.128154000000000110e+02,-1.725000000000000491e-02,5.487151089894768408e-01,-1.649999999999999911e+00,8.000000000000000444e-01,3.616629999999999967e+01,2.775000000000001424e-02,1.897458151712442920e+00,-3.160000000000000142e+00,2.799999999999999822e+00,4.321340999999999894e+02
3.635583333333333389e+00,5.787645433137919682e+00,-6.299999999999999822e+00,1.207000000000000028e+01,5.605716700000000856e+03,-2.219999999999999751e+00,3.568647035876014950e+00,-7.969999999999999751e+00,3.899999999999999911e+00,2.119636999999999716e+03,8.820500000000000895e+00,7.117218657359535960e+00,-1.429999999999999938e+00,2.357999999999999829e+01,1.541472260000000097e+04,4.737499999999999489e-01,2.214071311144546694e+00,-3.290000000000000036e+00,3.759999999999999787e+00,6.151860999999998967e+02,-5.797499999999999876e-01,6.514310688783579995e-01,-1.969999999999999973e+00,8.299999999999999600e-01,9.125669999999999504e+01,-4.391666666666668023e-02,2.295189642067852365e+00,-3.299999999999999822e+00,3.870000000000000107e+00,6.323788999999999305e+02
-7.415249999999999453e+00,1.217546412274155010e+01,-3.141000000000000014e+01,7.620000000000000107e+00,2.438734309999999823e+04,-2.606916666666666327e+00,1.402079881125021910e+00,-6.240000000000000213e+00,-3.099999999999999978e-01,1.051421099999999797e+03,-4.919500000000000206e+00,6.956831995719507944e+00,-2.176000000000000156e+01,5.139999999999999680e+00,8.711879000000000815e+03,1.341666666666666181e-02,1.242938383987270967e+00,-2.160000000000000142e+00,2.620000000000000107e+00,1.854090999999999667e+02,-5.220000000000000195e-01,9.798789040828803643e-01,-4.259999999999999787e+00,9.499999999999999556e-01,1.479175999999999931e+02,-6.533333333333332660e-02,2.277695448376616305e+00,-4.139999999999999680e+00,3.299999999999999822e+00,6.230597999999999956e+02
3.330000000000000071e+00,7.617940885392412653e+00,-9.529999999999999361e+00,1.542999999999999972e+01,8.294630799999998999e+03,-3.857999999999999652e+00,4.826584990100833750e+00,-1.255000000000000071e+01,3.779999999999999805e+00,4.581610399999999572e+03,7.356416666666666160e+00,8.624856983918954612e+00,-3.839999999999999858e+00,3.001000000000000156e+01,1.542060290000000168e+04,1.692499999999999838e-01,3.005656933877628223e+00,-4.440000000000000391e+00,4.790000000000000036e+00,1.087514300000000048e+03,-8.926666666666667194e-01,7.349724862575166551e-01,-3.220000000000000195e+00,4.099999999999999756e-01,1.604445999999999799e+02,-1.874166666666666758e-01,2.744436947667448390e+00,-4.269999999999999574e+00,4.209999999999999964e+00,9.080470999999998867e+02
1.972916666666666652e+00,8.556328300915968299e+00,-1.440000000000000036e+01,2.176000000000000156e+01,9.252378499999998894e+03,-1.715500000000000025e+00,4.244266102637769045e+00,-1.258000000000000007e+01,3.660000000000000142e+00,2.514808199999999943e+03,9.337250000000000938e+00,9.461235645384803661e+00,-1.039000000000000057e+01,3.069000000000000128e+01,2.120390610000000015e+04,-1.440000000000000169e-01,2.049751773589507664e+00,-5.000000000000000000e+00,4.209999999999999964e+00,5.066662000000000035e+02,-3.538333333333333330e-01,6.963131279979016819e-01,-2.720000000000000195e+00,1.050000000000000044e+00,7.320600000000000307e+01,-6.633333333333334136e-02,2.297016881861244642e+00,-4.889999999999999680e+00,4.540000000000000036e+00,6.336823999999999160e+02
2.993749999999999911e+00,5.015653341041423907e+00,-4.540000000000000036e+00,1.316999999999999993e+01,4.094318100000000413e+03,-4.913833333333333719e+00,3.344604656092489137e+00,-1.046000000000000085e+01,5.300000000000000266e-01,4.239856600000000071e+03,1.039649999999999963e+01,7.136906968942031249e+00,-4.799999999999999822e-01,2.685000000000000142e+01,1.908271840000000157e+04,2.214999999999999747e-01,2.503362289002533103e+00,-4.240000000000000213e+00,3.819999999999999840e+00,7.579061999999998989e+02,-5.783333333333333659e-01,1.715384958414744698e+00,-4.570000000000000284e+00,1.729999999999999982e+00,3.932418000000000120e+02,5.299999999999999156e-01,2.720161453541559915e+00,-4.280000000000000249e+00,3.879999999999999893e+00,9.216213999999999942e+02
-2.404166666666666952e-01,7.555533446403518205e+00,-1.283999999999999986e+01,1.373000000000000043e+01,6.857266299999999319e+03,-5.606666666666666465e-01,2.789320924924599154e+00,-7.160000000000000142e+00,6.049999999999999822e+00,9.713590000000000373e+02,1.117699999999999960e+01,1.151525412948696747e+01,-1.315000000000000036e+01,3.003999999999999915e+01,3.090316879999999946e+04,5.646666666666665391e-01,2.846579506862382924e+00,-5.570000000000000284e+00,4.919999999999999929e+00,1.010623599999999897e+03,3.246666666666666590e-01,2.801327344115444262e+00,-3.810000000000000053e+00,8.119999999999999218e+00,9.543412000000000717e+02,-6.549999999999999156e-01,2.846793517860635614e+00,-5.000000000000000000e+00,5.250000000000000000e+00,1.023990999999999985e+03
7.521666666666665391e-01,6.630283199498762770e+00,-1.040000000000000036e+01,1.091999999999999993e+01,5.343169200000000274e+03,5.583333333333316030e-03,2.814953758007797457e+00,-4.629999999999999893e+00,5.349999999999999645e+00,9.508794999999998936e+02,9.037166666666667680e+00,8.496528720928067102e+00,-3.689999999999999947e+00,2.389000000000000057e+01,1.846336579999999958e+04,-4.491666666666668112e-02,2.276330012627538313e+00,-3.979999999999999982e+00,2.979999999999999982e+00,6.220434999999999945e+02,-5.867499999999999938e-01,6.123073336432720559e-01,-1.610000000000000098e+00,9.499999999999999556e-01,8.630350000000001387e+01,-5.491666666666666224e-02,1.960897326835061349e+00,-2.930000000000000160e+00,2.899999999999999911e+00,4.617761000000000422e+02
-5.842916666666665648e+00,8.107488862756595083e+00,-2.037000000000000099e+01,8.419999999999999929e+00,1.198452609999999913e+04,7.075000000000000178e-01,1.971113158429351309e+00,-2.790000000000000036e+00,4.080000000000000071e+00,5.263011999999999944e+02,8.809750000000001080e+00,1.121672162907534442e+01,-7.679999999999999716e+00,2.700000000000000000e+01,2.441118469999999797e+04,-2.958333333333332954e-02,2.204339052805221577e+00,-3.640000000000000124e+00,3.390000000000000124e+00,5.831983000000000175e+02,-3.056666666666666421e-01,1.798878693952306262e+00,-3.470000000000000195e+00,2.609999999999999876e+00,3.995276000000000067e+02,1.949999999999999789e-01,1.966846460708105093e+00,-2.750000000000000000e+00,3.779999999999999805e+00,4.687812000000000126e+02
2.438166666666667037e+00,8.201321233327117710e+00,-8.150000000000000355e+00,1.898000000000000043e+01,8.784759200000000419e+03,-8.005833333333333135e-01,2.897185213223728795e+00,-6.110000000000000320e+00,3.439999999999999947e+00,1.084153900000000021e+03,8.038333333333333997e+00,7.891129759982970171e+00,-3.310000000000000053e+00,2.192000000000000171e+01,1.522616780000000108e+04,-1.417500000000000149e-01,1.654184422658690812e+00,-2.520000000000000018e+00,2.569999999999999840e+00,3.307702999999999633e+02,-3.171666666666667078e-01,4.259326694313185224e-01,-1.100000000000000089e+00,5.699999999999999512e-01,3.384159999999999968e+01,-2.094166666666666399e-01,1.891403048812059895e+00,-2.959999999999999964e+00,2.950000000000000178e+00,4.345512999999999693e+02
-9.123916666666666231e+00,1.247697748494090320e+01,-2.948000000000000043e+01,1.039000000000000057e+01,2.867049870000000010e+04,-1.243666666666666476e+00,2.720294387663871216e+00,-6.330000000000000071e+00,4.360000000000000320e+00,1.073605000000000018e+03,6.494416666666666060e+00,1.244246316690237286e+01,-1.534999999999999964e+01,2.444000000000000128e+01,2.363908050000000003e+04,-1.053333333333333205e-01,2.572530509483264449e+00,-4.150000000000000355e+00,3.140000000000000124e+00,7.954809999999999945e+02,-7.433333333333333459e-02,2.327559069545222403e+00,-4.540000000000000036e+00,5.480000000000000426e+00,6.507667999999999893e+02,1.271666666666666778e-01,2.103638191060641649e+00,-3.109999999999999876e+00,3.270000000000000018e+00,5.329757999999999356e+02
-3.929500000000000437e+00,4.954751229880264951e+00,-1.532000000000000028e+01,3.149999999999999911e+00,4.798863600000000588e+03,-2.508833333333333915e+00,4.138361628980993245e+00,-1.006000000000000050e+01,4.370000000000000107e+00,2.810433800000000247e+03,7.161666666666665293e+00,1.123453220605508207e+01,-8.929999999999999716e+00,2.650000000000000000e+01,2.130050200000000041e+04,5.028333333333333544e-01,3.903621221236620809e+00,-5.940000000000000391e+00,5.860000000000000320e+00,1.858932000000000016e+03,-1.853333333333333222e-01,9.890483079989346171e-01,-1.780000000000000027e+00,2.310000000000000053e+00,1.215078000000000031e+02,1.349999999999999811e-01,1.279740208010985203e+00,-2.589999999999999858e+00,1.939999999999999947e+00,1.987152000000000100e+02
2.550833333333332842e+00,8.448961137652105435e+00,-1.183999999999999986e+01,2.048999999999999844e+01,9.347003399999999601e+03,-1.586749999999999883e+00,2.427265320787985292e+00,-7.280000000000000249e+00,2.930000000000000160e+00,1.009127100000000041e+03,9.210250000000000270e+00,1.058256360422653053e+01,-9.869999999999999218e+00,3.158999999999999986e+01,2.361832289999999921e+04,-1.278333333333333266e-01,2.067631569104020794e+00,-4.959999999999999964e+00,3.279999999999999805e+00,5.149730000000000700e+02,-5.724166666666666847e-01,1.951455010939842749e+00,-5.370000000000000107e+00,3.209999999999999964e+00,4.963005000000000564e+02,1.593333333333333546e-01,1.320796308629339277e+00,-1.979999999999999982e+00,2.729999999999999982e+00,2.123867999999999938e+02
-6.720833333333333659e-01,2.083220221929394711e+00,-4.280000000000000249e+00,4.690000000000000391e+00,5.749803000000000566e+02,-1.212416666666666698e+00,3.330355335354205248e+00,-6.000000000000000000e+00,5.200000000000000178e+00,1.507346500000000106e+03,9.768666666666666387e+00,1.676842821760253344e+01,-1.630999999999999872e+01,3.667999999999999972e+01,4.519284399999999732e+04,3.250000000000001152e-03,2.703367086462115321e+00,-4.719999999999999751e+00,3.770000000000000018e+00,8.769845000000000255e+02,5.974999999999998368e-02,2.281032464513967906e+00,-3.410000000000000142e+00,5.059999999999999609e+00,6.248015000000000327e+02,5.158333333333332826e-02,4.327296997613585550e-01,-6.099999999999999867e-01,1.209999999999999964e+00,2.278989999999999938e+01
