timestamp,source_ip,data
2026-05-13 17:23:45,192.168.1.100,Hello from ESP32! uptime=
2026-05-13 17:23:45,192.168.1.100,11020595ms
2026-05-13 17:23:50,192.168.1.100,Hello from ESP32! uptime=
2026-05-13 17:23:50,192.168.1.100,11025599ms
2026-05-13 17:23:55,192.168.1.100,Hello from ESP32! uptime=
2026-05-13 17:23:56,192.168.1.100,11030605ms
2026-05-13 17:24:00,192.168.1.100,Hello from ESP32! uptime=
2026-05-13 17:24:01,192.168.1.100,11035611ms
2026-05-13 17:24:05,192.168.1.100,Hello from ESP32! uptime=
2026-05-13 17:24:06,192.168.1.100,11040617ms
2026-05-13 17:24:10,192.168.1.100,Hello from ESP32! uptime=
2026-05-13 17:24:11,192.168.1.100,11045623ms
2026-05-13 17:24:15,192.168.1.100,Hello from ESP32! uptime=
2026-05-13 17:24:16,192.168.1.100,11050629ms
2026-05-13 17:24:21,192.168.1.100,Hello from ESP32! uptime=
2026-05-13 17:24:21,192.168.1.100,11055635ms
2026-05-18 11:31:50,192.168.1.100,Hello from ESP32! uptime=
2026-05-18 11:31:51,192.168.1.100,19031ms
2026-05-18 11:31:55,192.168.1.100,Hello from ESP32! uptime=
2026-05-18 11:31:56,192.168.1.100,24035ms
2026-05-18 11:32:00,192.168.1.100,Hello from ESP32! uptime=
2026-05-18 11:32:00,192.168.1.100,29040ms
2026-05-18 11:32:05,192.168.1.100,Hello from ESP32! uptime=
2026-05-18 11:32:05,192.168.1.100,34045ms
2026-05-18 11:32:10,192.168.1.100,Hello from ESP32! uptime=
2026-05-18 11:32:10,192.168.1.100,39051ms
2026-05-18 11:32:15,192.168.1.100,Hello from ESP32! uptime=
2026-05-18 11:32:15,192.168.1.100,44057ms
2026-05-18 11:32:20,192.168.1.100,Hello from ESP32! uptime=
2026-05-18 11:32:20,192.168.1.100,49062ms
2026-05-18 11:32:51,192.168.1.100,0;-7.48;-0.06;-7.17;0.01;-0.12;-0.02
2026-05-18 11:32:56,192.168.1.100,1;-7.43;-0.08;-7.12;0.01;-0.15;-0.02
2026-05-18 11:33:02,192.168.1.100,2;-7.52;-0.06;-7.12;0.01;-0.14;-0.02
2026-05-18 11:33:06,192.168.1.100,3;-7.18;-0.11;-7.12;0.01;-0.16;-0.02
2026-05-18 11:33:12,192.168.1.100,4;-7.58;-0.04;-7.04;0.02;-0.00;-0.05
2026-05-18 11:33:17,192.168.1.100,5;-7.64;-0.05;-7.14;0.01;-0.14;-0.02
2026-05-18 11:33:22,192.168.1.100,6;-7.47;-0.03;-6.98;0.02;-0.13;-0.02
2026-05-18 11:33:27,192.168.1.100,7;-7.47;-0.05;-7.05;0.03;-0.05;-0.04
2026-05-18 11:33:31,192.168.1.100,8;-7.52;-0.07;-7.14;0.03;-0.04;-0.03
2026-05-18 11:33:36,192.168.1.100,9;-7.45;-0.09;-7.15;0.03;-0.06;-0.03
2026-05-18 11:33:41,192.168.1.100,10;-7.48;-0.09;-7.09;0.02;-0.09;-0.03
2026-05-18 11:33:46,192.168.1.100,11;-7.41;-0.09;-7.07;0.03;-0.03;-0.04
2026-05-18 11:33:52,192.168.1.100,12;-7.44;-0.07;-7.07;0.04;0.05;-0.05
2026-05-18 11:33:58,192.168.1.100,13;-7.47;-0.10;-7.23;0.04;0.05;-0.05
2026-05-18 11:34:02,192.168.1.100,14;-7.47;-0.09;-7.22;0.03;-0.06;-0.03
2026-05-18 11:34:06,192.168.1.100,15;-7.45;-0.07;-7.09;0.02;-0.10;-0.02
2026-05-18 11:34:12,192.168.1.100,16;-7.40;-0.06;-7.06;0.03;-0.04;-0.03
2026-05-18 11:34:17,192.168.1.100,17;-7.40;-0.04;-7.04;0.04;0.04;-0.05
2026-05-18 11:34:21,192.168.1.100,18;-7.25;0.05;-7.12;0.05;0.17;-0.07
2026-05-18 11:35:53,192.168.1.100,0;-9.68;-1.95;-3.25;0.17;-0.03;0.00
2026-05-18 11:35:53,192.168.1.100,1;-9.67;-1.96;-3.11;0.15;-0.01;-0.02
2026-05-18 11:35:53,192.168.1.100,2;-9.81;-1.91;-3.14;0.12;-0.01;-0.04
2026-05-18 11:35:53,192.168.1.100,3;-9.72;-1.95;-3.22;0.07;-0.15;-0.02
2026-05-18 11:35:53,192.168.1.100,4;-9.68;-1.94;-3.35;0.05;-0.12;-0.05
2026-05-18 11:35:53,192.168.1.100,5;-9.53;-1.99;-3.50;0.06;-0.06;-0.08
2026-05-18 11:35:53,192.168.1.100,6;-9.45;-2.07;-3.57;0.06;-0.06;-0.08
2026-05-18 11:35:53,192.168.1.100,7;-9.28;-2.10;-3.61;0.07;-0.03;-0.09
2026-05-18 11:35:53,192.168.1.100,8;-9.26;-2.12;-3.64;0.07;-0.03;-0.09
2026-05-18 11:35:53,192.168.1.100,9;-9.33;-2.14;-3.73;0.05;-0.15;-0.05
2026-05-18 11:35:53,192.168.1.100,10;-9.18;-2.18;-3.73;0.06;-0.12;-0.04
2026-05-18 11:35:53,192.168.1.100,11;-9.16;-2.16;-3.73;0.07;-0.17;-0.02
2026-05-18 11:35:53,192.168.1.100,12;-9.17;-2.15;-3.61;0.11;-0.01;-0.05
2026-05-18 11:35:54,192.168.1.100,13;-9.71;-2.06;-3.73;0.09;-0.15;-0.01
2026-05-18 11:35:54,192.168.1.100,14;-9.19;-2.06;-3.45;0.12;-0.01;-0.04
2026-05-18 11:35:54,192.168.1.100,15;-9.55;-2.00;-3.16;0.11;0.01;-0.05
2026-05-18 11:35:54,192.168.1.100,16;-9.65;-2.01;-3.08;0.07;-0.06;-0.04
2026-05-18 11:35:54,192.168.1.100,17;-9.65;-2.04;-3.07;0.02;-0.12;-0.03
2026-05-18 11:35:54,192.168.1.100,18;-9.69;-2.07;-3.22;-0.01;-0.22;-0.03
2026-05-18 11:35:54,192.168.1.100,19;-9.73;-2.10;-3.50;-0.02;-0.22;-0.04
2026-05-18 11:35:54,192.168.1.100,20;-9.39;-2.14;-3.48;0.00;-0.14;-0.07
2026-05-18 11:35:54,192.168.1.100,21;-9.34;-2.10;-3.61;0.01;-0.08;-0.09
2026-05-18 11:35:55,192.168.1.100,22;-9.34;-2.15;-3.51;0.03;-0.01;-0.10
2026-05-18 11:35:55,192.168.1.100,23;-9.26;-2.18;-3.86;0.01;-0.14;-0.06
2026-05-18 11:35:55,192.168.1.100,24;-9.19;-2.26;-3.95;0.02;-0.16;-0.04
2026-05-18 11:35:55,192.168.1.100,25;-9.20;-2.32;-4.01;0.03;-0.23;-0.02
2026-05-18 11:35:55,192.168.1.100,26;-9.37;-2.32;-3.94;0.07;-0.23;-0.01
2026-05-18 11:35:55,192.168.1.100,27;-9.34;-2.23;-3.79;0.11;-0.18;-0.02
2026-05-18 11:35:55,192.168.1.100,28;-9.46;-2.15;-3.35;0.12;-0.17;-0.02
2026-05-18 11:35:55,192.168.1.100,29;-9.53;-2.05;-2.98;0.12;-0.13;-0.04
2026-05-18 11:35:55,192.168.1.100,30;-9.62;-2.00;-2.84;0.09;-0.13;-0.05
2026-05-18 11:35:55,192.168.1.100,31;-9.46;-2.03;-2.89;0.05;-0.13;-0.06
2026-05-18 11:35:55,192.168.1.100,32;-9.41;-2.12;-3.13;0.03;-0.09;-0.07
2026-05-18 11:35:55,192.168.1.100,33;-9.57;-2.20;-3.43;0.00;-0.18;-0.06
2026-05-18 11:35:56,192.168.1.100,34;-9.34;-2.25;-3.44;0.01;-0.20;-0.04
2026-05-18 11:35:56,192.168.1.100,35;-9.28;-2.20;-3.21;0.04;-0.12;-0.06
2026-05-18 11:35:56,192.168.1.100,36;-9.53;-2.15;-3.05;0.04;-0.07;-0.07
2026-05-18 11:35:56,192.168.1.100,37;-9.47;-2.14;-3.08;0.02;-0.09;-0.06
2026-05-18 11:35:56,192.168.1.100,38;-9.49;-2.16;-3.18;0.01;-0.05;-0.08
2026-05-18 11:35:56,192.168.1.100,39;-9.49;-2.20;-3.30;-0.00;-0.10;-0.08
2026-05-18 11:35:56,192.168.1.100,40;-9.22;-2.24;-3.59;0.01;-0.01;-0.09
2026-05-18 11:35:56,192.168.1.100,41;-9.42;-2.32;-3.74;0.02;-0.04;-0.08
2026-05-18 11:35:56,192.168.1.100,42;-9.37;-2.29;-3.46;0.03;-0.12;-0.06
2026-05-18 11:35:56,192.168.1.100,43;-9.39;-2.21;-3.09;0.04;-0.11;-0.05
2026-05-18 11:35:56,192.168.1.100,44;-9.65;-2.12;-2.84;0.02;-0.13;-0.04
2026-05-18 11:35:56,192.168.1.100,45;-9.63;-2.07;-2.75;-0.01;-0.14;-0.05
2026-05-18 11:35:56,192.168.1.100,46;-9.60;-2.13;-2.93;-0.04;-0.11;-0.08
2026-05-18 11:35:57,192.168.1.100,47;-9.63;-2.19;-3.28;-0.06;-0.09;-0.10
2026-05-18 11:35:57,192.168.1.100,48;-9.39;-2.30;-3.61;-0.06;-0.10;-0.11
2026-05-18 11:35:57,192.168.1.100,49;-9.48;-2.34;-3.75;-0.05;-0.13;-0.10
2026-05-18 11:35:57,192.168.1.100,50;-9.26;-2.32;-3.57;-0.02;-0.14;-0.09
2026-05-18 11:35:57,192.168.1.100,51;-9.37;-2.31;-3.20;-0.01;-0.15;-0.08
2026-05-18 11:35:57,192.168.1.100,52;-9.27;-2.22;-2.84;-0.02;-0.15;-0.06
2026-05-18 11:35:57,192.168.1.100,53;-9.31;-2.23;-2.76;-0.05;-0.16;-0.05
2026-05-18 11:35:57,192.168.1.100,54;-9.62;-2.18;-2.98;-0.09;-0.17;-0.05
2026-05-18 11:35:57,192.168.1.100,55;-9.76;-2.24;-3.25;-0.11;-0.21;-0.05
2026-05-18 11:35:57,192.168.1.100,56;-9.87;-2.23;-3.54;-0.11;-0.23;-0.06
2026-05-18 11:35:57,192.168.1.100,57;-9.69;-2.24;-3.92;-0.10;-0.22;-0.09
2026-05-18 11:35:58,192.168.1.100,58;-9.99;-2.40;-4.18;-0.05;-0.11;-0.15
2026-05-18 11:35:58,192.168.1.100,59;-10.39;-2.48;-4.30;-0.02;-0.27;-0.14
2026-05-18 11:35:58,192.168.1.100,60;-10.49;-2.38;-4.18;0.01;-0.39;-0.14
2026-05-18 11:35:58,192.168.1.100,61;-10.90;-2.21;-3.88;0.05;-0.49;-0.16
2026-05-18 11:35:58,192.168.1.100,62;-10.97;-2.15;-3.43;0.10;-0.50;-0.24
2026-05-18 11:35:58,192.168.1.100,63;-10.77;-2.10;-3.16;0.15;-0.31;-0.38
2026-05-18 11:35:58,192.168.1.100,64;-10.68;-2.15;-2.96;0.15;-0.22;-0.49
2026-05-18 11:35:58,192.168.1.100,65;-10.16;-2.24;-2.80;0.14;-0.21;-0.56
2026-05-18 11:35:58,192.168.1.100,66;-9.35;-2.45;-2.72;0.17;0.07;-0.67
2026-05-18 11:35:58,192.168.1.100,67;-8.98;-2.63;-2.77;0.17;0.12;-0.68
2026-05-18 11:35:59,192.168.1.100,68;-7.94;-2.82;-2.73;0.14;0.07;-0.65
2026-05-18 11:35:59,192.168.1.100,69;-6.85;-3.12;-2.63;0.15;0.23;-0.61
2026-05-18 11:35:59,192.168.1.100,70;-6.32;-3.31;-2.43;0.16;0.36;-0.51
2026-05-18 11:35:59,192.168.1.100,71;-5.84;-3.40;-2.26;0.14;0.34;-0.33
2026-05-18 11:35:59,192.168.1.100,72;-5.60;-3.35;-2.15;0.10;0.32;-0.11
2026-05-18 11:35:59,192.168.1.100,73;-5.99;-3.28;-2.26;0.03;0.23;0.14
2026-05-18 11:35:59,192.168.1.100,74;-6.48;-3.05;-2.48;-0.04;0.16;0.35
2026-05-18 11:35:59,192.168.1.100,75;-7.51;-2.89;-2.72;-0.11;0.04;0.52
2026-05-18 11:35:59,192.168.1.100,76;-8.49;-2.76;-3.01;-0.16;-0.03;0.62
2026-05-18 11:35:59,192.168.1.100,77;-9.59;-2.61;-3.30;-0.17;-0.05;0.63
2026-05-18 11:36:00,192.168.1.100,78;-10.60;-2.48;-3.68;-0.17;-0.10;0.59
2026-05-18 11:36:00,192.168.1.100,79;-11.33;-2.36;-4.00;-0.15;-0.14;0.51
2026-05-18 11:36:00,192.168.1.100,80;-11.95;-2.24;-4.18;-0.11;-0.18;0.40
2026-05-18 11:36:00,192.168.1.100,81;-12.04;-2.15;-4.28;-0.06;-0.15;0.24
2026-05-18 11:36:00,192.168.1.100,82;-12.06;-2.09;-4.31;0.01;-0.06;0.05
2026-05-18 11:36:00,192.168.1.100,83;-11.87;-2.07;-4.26;0.07;-0.01;-0.12
2026-05-18 11:36:00,192.168.1.100,84;-11.43;-2.12;-4.14;0.12;-0.01;-0.25
2026-05-18 11:36:00,192.168.1.100,85;-10.84;-2.26;-3.95;0.15;0.00;-0.35
2026-05-18 11:36:00,192.168.1.100,86;-10.30;-2.43;-3.75;0.18;0.00;-0.42
2026-05-18 11:36:00,192.168.1.100,87;-9.71;-2.52;-3.56;0.19;0.00;-0.46
2026-05-18 11:36:00,192.168.1.100,88;-9.23;-2.64;-3.37;0.19;0.01;-0.48
2026-05-18 11:36:01,192.168.1.100,89;-9.08;-2.71;-3.21;0.19;0.02;-0.46
2026-05-18 11:36:01,192.168.1.100,90;-8.76;-2.80;-3.13;0.17;-0.04;-0.42
2026-05-18 11:36:01,192.168.1.100,91;-8.74;-2.81;-3.09;0.16;-0.01;-0.39
2026-05-18 11:36:01,192.168.1.100,92;-8.67;-2.84;-2.97;0.15;-0.03;-0.35
2026-05-18 11:36:01,192.168.1.100,93;-8.67;-2.87;-2.78;0.15;-0.01;-0.32
2026-05-18 11:36:01,192.168.1.100,94;-9.23;-2.85;-2.58;0.12;-0.02;-0.28
2026-05-18 11:36:01,192.168.1.100,95;-9.55;-2.80;-2.32;0.06;-0.13;-0.24
2026-05-18 11:36:01,192.168.1.100,96;-9.62;-2.71;-2.13;0.02;-0.08;-0.28
2026-05-18 11:36:01,192.168.1.100,97;-9.76;-2.66;-2.10;-0.03;0.04;-0.36
2026-05-18 11:36:01,192.168.1.100,98;-9.89;-2.72;-2.16;-0.09;0.10;-0.42
2026-05-18 11:36:01,192.168.1.100,99;-10.17;-2.76;-2.40;-0.17;0.01;-0.43
2026-05-18 11:36:01,192.168.1.100,100;-10.03;-2.77;-2.65;-0.23;-0.07;-0.45
2026-05-18 11:36:01,192.168.1.100,101;-10.06;-2.85;-3.03;-0.26;-0.01;-0.53
2026-05-18 11:36:02,192.168.1.100,102;-9.92;-2.97;-3.55;-0.28;-0.00;-0.59
2026-05-18 11:36:02,192.168.1.100,103;-9.56;-3.08;-4.36;-0.27;0.06;-0.66
2026-05-18 11:36:02,192.168.1.100,104;-9.38;-3.44;-5.49;-0.24;0.09;-0.71
2026-05-18 11:36:02,192.168.1.100,105;-8.39;-3.86;-6.40;-0.13;0.16;-0.75
2026-05-18 11:36:02,192.168.1.100,106;-7.72;-4.32;-7.01;0.09;0.43;-0.81
2026-05-18 11:36:02,192.168.1.100,107;-7.24;-4.69;-7.08;0.25;0.15;-0.71
2026-05-18 11:36:02,192.168.1.100,108;-5.40;-4.93;-6.59;0.46;0.19;-0.59
2026-05-18 11:36:02,192.168.1.100,109;-4.60;-4.95;-5.96;0.66;0.33;-0.44
2026-05-18 11:36:02,192.168.1.100,110;-3.92;-4.92;-5.02;0.76;0.23;-0.18
2026-05-18 11:36:02,192.168.1.100,111;-2.75;-4.64;-4.42;0.84;0.28;0.11
2026-05-18 11:36:04,192.168.1.100,112;-2.98;-4.29;-3.26;0.84;0.24;0.45
2026-05-18 11:36:04,192.168.1.100,113;-2.90;-4.15;-2.70;0.81;0.26;0.77
2026-05-18 11:36:04,192.168.1.100,114;-3.57;-3.62;-1.67;0.73;0.15;1.11
2026-05-18 11:36:04,192.168.1.100,115;-5.50;-2.90;-0.11;0.59;-0.15;1.48
2026-05-18 11:36:04,192.168.1.100,116;-7.19;-1.93;1.57;0.37;-0.35;1.75
2026-05-18 11:36:04,192.168.1.100,117;-8.99;-1.02;3.12;0.03;-0.55;1.85
2026-05-18 11:36:04,192.168.1.100,118;-10.94;-0.62;3.50;-0.37;-0.42;1.74
2026-05-18 11:36:04,192.168.1.100,119;-13.32;-0.37;2.49;-0.78;-0.37;1.55
2026-05-18 11:40:25,192.168.1.100,0;-5.30;-7.51;-2.75;-0.08;-0.05;0.08
2026-05-18 11:40:25,192.168.1.100,1;-5.27;-7.57;-3.05;-0.10;-0.09;0.11
2026-05-18 11:40:25,192.168.1.100,2;-5.11;-7.55;-3.27;-0.11;-0.13;0.15
2026-05-18 11:40:25,192.168.1.100,3;-4.98;-7.59;-3.41;-0.08;-0.09;0.17
2026-05-18 11:40:25,192.168.1.100,4;-4.69;-7.44;-3.43;-0.04;0.03;0.18
2026-05-18 11:40:25,192.168.1.100,5;-4.56;-7.40;-3.38;-0.01;0.23;0.19
2026-05-18 11:40:25,192.168.1.100,6;-4.60;-7.45;-3.30;-0.03;0.20;0.27
2026-05-18 11:40:25,192.168.1.100,7;-4.16;-7.41;-3.17;-0.05;0.16;0.37
2026-05-18 11:40:25,192.168.1.100,8;-4.03;-7.42;-3.01;-0.08;0.14;0.49
2026-05-18 11:40:25,192.168.1.100,9;-3.50;-7.18;-2.63;-0.09;0.18;0.61
2026-05-18 11:40:25,192.168.1.100,10;-2.94;-6.81;-2.05;-0.10;0.39;0.69
2026-05-18 11:40:25,192.168.1.100,11;-2.08;-6.43;-1.31;-0.17;0.62;0.81
2026-05-18 11:40:26,192.168.1.100,12;-2.25;-6.60;-0.62;-0.28;0.92;0.99
2026-05-18 11:40:26,192.168.1.100,13;-3.18;-6.10;-0.49;-0.53;0.74;1.34
2026-05-18 11:40:26,192.168.1.100,14;-4.38;-5.26;-1.00;-0.81;0.44;1.67
2026-05-18 11:40:26,192.168.1.100,15;-5.84;-4.56;-1.70;-1.06;0.08;1.90
2026-05-18 11:40:26,192.168.1.100,16;-6.63;-4.19;-2.16;-1.18;-0.03;1.96
2026-05-18 11:40:26,192.168.1.100,17;-6.35;-3.76;-2.11;-1.15;0.43;1.82
2026-05-18 11:40:26,192.168.1.100,18;-7.21;-3.59;-2.27;-1.13;1.10;1.62
2026-05-18 11:40:26,192.168.1.100,19;-8.35;-3.16;-2.93;-1.30;0.97;1.64
2026-05-18 11:40:26,192.168.1.100,20;-9.93;-2.99;-3.81;-1.50;0.48;1.75
2026-05-18 11:40:26,192.168.1.100,21;-12.29;-2.57;-4.84;-1.72;-0.39;1.91
2026-05-18 11:40:26,192.168.1.100,22;-15.29;-2.22;-5.73;-1.88;-1.34;1.98
2026-05-18 11:40:26,192.168.1.100,23;-18.92;-1.81;-6.20;-1.98;-2.20;1.87
2026-05-18 11:40:26,192.168.1.100,24;-23.73;-1.21;-6.83;-2.13;-3.19;1.58
2026-05-18 11:40:26,192.168.1.100,25;-25.90;-0.91;-7.46;-2.20;-3.73;0.88
2026-05-18 11:40:26,192.168.1.100,26;-25.46;-0.93;-8.96;-1.97;-3.07;-0.35
2026-05-18 11:40:27,192.168.1.100,27;-22.63;-1.68;-11.50;-1.38;-1.56;-1.81
2026-05-18 11:40:29,192.168.1.100,28;-17.25;-2.76;-14.20;-0.63;-0.26;-2.95
2026-05-18 11:40:29,192.168.1.100,29;-9.79;-4.28;-15.88;0.13;0.19;-3.52
2026-05-18 11:40:29,192.168.1.100,30;-2.29;-5.93;-15.90;0.97;0.64;-3.65
2026-05-18 11:40:29,192.168.1.100,31;3.91;-7.02;-14.18;1.84;1.23;-3.25
2026-05-18 11:40:29,192.168.1.100,32;8.12;-7.29;-11.15;2.53;1.80;-2.45
2026-05-18 11:40:29,192.168.1.100,33;10.40;-7.16;-7.34;2.89;2.11;-1.45
2026-05-18 11:40:29,192.168.1.100,34;12.50;-6.64;-2.46;2.99;2.50;-0.36
2026-05-18 11:40:29,192.168.1.100,35;13.06;-5.54;3.11;2.88;3.44;0.62
2026-05-18 11:40:29,192.168.1.100,36;10.96;-3.39;7.98;2.31;3.86;1.59
2026-05-18 11:40:29,192.168.1.100,37;6.03;-1.09;11.96;1.27;3.94;2.49
2026-05-18 11:40:29,192.168.1.100,38;-0.67;1.40;13.34;-0.29;2.47;3.53
2026-05-18 11:40:29,192.168.1.100,39;-7.43;4.25;11.67;-1.85;0.69;4.25
2026-05-18 11:40:29,192.168.1.100,40;-13.84;5.90;7.78;-3.03;-0.54;4.43
2026-05-18 11:40:29,192.168.1.100,41;-19.79;6.34;3.31;-3.74;-1.34;4.12
2026-05-18 11:40:29,192.168.1.100,42;-24.07;5.58;-1.26;-4.07;-1.73;3.38
2026-05-18 11:40:29,192.168.1.100,43;-27.35;4.50;-5.18;-4.08;-1.94;2.48
2026-05-18 11:40:29,192.168.1.100,44;-29.22;3.51;-8.49;-3.89;-2.06;1.42
2026-05-18 11:40:29,192.168.1.100,45;-29.78;2.27;-11.16;-3.55;-2.16;0.34
2026-05-18 11:40:29,192.168.1.100,46;-28.30;1.30;-13.59;-3.10;-2.14;-0.77
2026-05-18 11:40:29,192.168.1.100,47;-25.34;-0.04;-16.07;-2.57;-2.11;-1.75
2026-05-18 11:40:29,192.168.1.100,48;-20.61;-1.14;-18.54;-1.93;-2.19;-2.49
2026-05-18 11:40:29,192.168.1.100,49;-13.86;-2.37;-20.20;-1.06;-1.77;-3.13
2026-05-18 11:40:29,192.168.1.100,50;-6.28;-3.80;-20.32;0.12;-0.50;-3.65
2026-05-18 11:40:29,192.168.1.100,51;-0.94;-4.74;-18.97;1.32;0.71;-3.57
2026-05-18 11:40:29,192.168.1.100,52;3.56;-5.12;-16.11;2.33;1.67;-3.22
2026-05-18 11:40:29,192.168.1.100,53;5.58;-5.09;-11.57;2.98;1.57;-2.02
2026-05-18 11:40:29,192.168.1.100,54;5.76;-4.17;-6.27;3.28;1.70;-1.01
2026-05-18 11:40:29,192.168.1.100,55;4.36;-3.24;-1.47;3.19;1.87;-0.16
2026-05-18 11:40:29,192.168.1.100,56;3.30;-2.47;2.42;2.81;2.10;0.46
2026-05-18 11:40:30,192.168.1.100,57;2.65;-1.83;5.08;2.32;2.73;0.84
2026-05-18 11:40:30,192.168.1.100,58;2.58;-0.92;6.67;1.72;3.37;1.15
2026-05-18 11:40:30,192.168.1.100,59;0.48;-0.33;7.73;0.95;3.67;1.60
2026-05-18 11:40:30,192.168.1.100,60;-5.35;0.77;7.75;-0.21;2.45;2.45
2026-05-18 11:40:30,192.168.1.100,61;-12.12;2.77;6.27;-1.57;-0.01;3.28
2026-05-18 11:40:30,192.168.1.100,62;-16.92;3.61;4.26;-2.52;-1.73;3.47
2026-05-18 11:40:30,192.168.1.100,63;-22.27;4.01;1.69;-3.00;-1.99;2.86
2026-05-18 11:40:30,192.168.1.100,64;-26.20;3.65;-1.60;-3.23;-1.73;1.83
2026-05-18 11:40:30,192.168.1.100,65;-28.21;2.83;-5.12;-3.28;-1.71;0.72
2026-05-18 11:40:30,192.168.1.100,66;-28.10;1.99;-8.24;-3.17;-1.93;-0.34
2026-05-18 11:40:30,192.168.1.100,67;-26.53;1.06;-10.48;-2.99;-2.37;-1.23
2026-05-18 11:40:30,192.168.1.100,68;-23.60;0.34;-12.37;-2.78;-2.98;-1.94
2026-05-18 11:40:30,192.168.1.100,69;-18.90;-0.37;-14.30;-2.44;-3.21;-2.56
2026-05-18 11:40:30,192.168.1.100,70;-12.36;-1.70;-16.30;-1.90;-2.81;-3.11
2026-05-18 11:40:31,192.168.1.100,71;-5.30;-3.51;-18.14;-1.06;-1.72;-3.57
2026-05-18 11:40:31,192.168.1.100,72;0.24;-5.30;-18.64;0.08;0.16;-3.82
2026-05-18 11:40:31,192.168.1.100,73;5.56;-6.77;-17.73;1.22;0.92;-3.04
2026-05-18 11:40:31,192.168.1.100,74;7.69;-6.98;-14.57;2.12;1.24;-1.94
2026-05-18 11:40:31,192.168.1.100,75;8.08;-5.99;-9.73;2.68;1.48;-0.83
2026-05-18 11:40:31,192.168.1.100,76;6.53;-4.56;-4.69;2.87;1.85;0.11
2026-05-18 11:40:31,192.168.1.100,77;3.94;-3.10;-0.30;2.73;2.33;0.77
2026-05-18 11:40:31,192.168.1.100,78;0.91;-2.18;3.01;2.32;2.80;1.24
2026-05-18 11:40:31,192.168.1.100,79;-3.19;-1.12;5.21;1.68;2.68;1.62
2026-05-18 11:40:31,192.168.1.100,80;-6.82;-0.10;6.87;0.83;1.76;1.91
2026-05-18 11:40:31,192.168.1.100,81;-9.91;0.63;8.27;-0.05;0.82;2.09
2026-05-18 11:40:31,192.168.1.100,82;-12.70;1.49;8.69;-0.97;-0.03;2.08
2026-05-18 11:40:31,192.168.1.100,83;-15.36;2.06;7.54;-1.85;-0.54;1.84
2026-05-18 11:40:32,192.168.1.100,84;-17.53;2.24;4.66;-2.60;-0.97;1.47
2026-05-18 11:40:32,192.168.1.100,85;-19.34;1.87;0.50;-3.12;-1.37;1.01
2026-05-18 11:40:32,192.168.1.100,86;-20.70;1.09;-3.87;-3.39;-1.84;0.56
2026-05-18 11:40:32,192.168.1.100,87;-21.70;0.55;-7.61;-3.38;-2.15;0.07
2026-05-18 11:40:32,192.168.1.100,88;-21.90;-0.05;-11.44;-3.19;-2.47;-0.55
2026-05-18 11:40:33,192.168.1.100,89;-20.08;-1.31;-15.71;-2.82;-2.73;-1.14
2026-05-18 11:40:33,192.168.1.100,90;-15.59;-3.15;-19.83;-2.08;-2.41;-1.70
2026-05-18 11:40:33,192.168.1.100,91;-10.76;-4.94;-22.24;-0.87;-1.32;-2.20
2026-05-18 11:40:33,192.168.1.100,92;-6.44;-5.75;-21.97;0.50;-0.36;-2.36
2026-05-18 11:40:33,192.168.1.100,93;-2.40;-5.56;-19.17;1.74;0.53;-2.21
2026-05-18 11:40:33,192.168.1.100,94;0.20;-4.45;-14.35;2.65;0.83;-1.62
2026-05-18 11:40:33,192.168.1.100,95;1.21;-3.11;-8.85;3.23;1.41;-1.05
2026-05-18 11:40:33,192.168.1.100,96;0.97;-2.09;-3.68;3.40;1.92;-0.48
2026-05-18 11:40:33,192.168.1.100,97;0.27;-1.41;0.75;3.18;2.22;0.05
2026-05-18 11:40:33,192.168.1.100,98;-0.26;-1.14;4.24;2.69;2.41;0.48
2026-05-18 11:40:33,192.168.1.100,99;-0.90;-0.88;6.72;2.03;2.50;0.89
2026-05-18 11:40:33,192.168.1.100,100;-2.40;-0.52;8.75;1.25;2.34;1.29
2026-05-18 11:40:33,192.168.1.100,101;-5.92;0.44;9.52;0.22;1.41;1.86
2026-05-18 11:40:33,192.168.1.100,102;-9.37;1.53;8.94;-0.84;0.27;2.25
2026-05-18 11:40:33,192.168.1.100,103;-13.18;2.02;6.90;-1.75;-0.61;2.34
2026-05-18 11:40:33,192.168.1.100,104;-16.80;2.28;3.74;-2.42;-1.14;2.11
2026-05-18 11:40:33,192.168.1.100,105;-19.71;1.85;0.17;-2.81;-1.47;1.66
2026-05-18 11:40:33,192.168.1.100,106;-22.69;1.39;-3.38;-2.96;-1.83;1.09
2026-05-18 11:40:34,192.168.1.100,107;-24.63;1.16;-6.61;-2.95;-2.24;0.41
2026-05-18 11:40:34,192.168.1.100,108;-25.72;0.77;-9.72;-2.81;-2.68;-0.34
2026-05-18 11:40:34,192.168.1.100,109;-23.96;0.14;-12.73;-2.49;-2.99;-1.13
2026-05-18 11:40:34,192.168.1.100,110;-18.74;-1.20;-15.43;-1.92;-2.72;-1.92
2026-05-18 11:40:34,192.168.1.100,111;-12.22;-2.86;-17.37;-1.03;-1.76;-2.55
2026-05-18 11:40:34,192.168.1.100,112;-6.26;-4.15;-18.08;0.02;-0.71;-2.83
2026-05-18 11:40:34,192.168.1.100,113;-1.55;-5.02;-16.71;1.10;0.11;-2.62
2026-05-18 11:40:34,192.168.1.100,114;1.95;-5.00;-13.40;2.05;0.94;-2.12
2026-05-18 11:40:35,192.168.1.100,115;3.19;-4.14;-8.44;2.65;1.22;-1.20
2026-05-18 11:40:35,192.168.1.100,116;2.75;-3.07;-3.61;2.86;1.75;-0.46
2026-05-18 11:40:35,192.168.1.100,117;1.74;-2.13;0.46;2.72;2.26;0.16
2026-05-18 11:40:35,192.168.1.100,118;-0.26;-1.28;3.53;2.34;2.69;0.66
2026-05-18 11:40:35,192.168.1.100,119;-3.23;-0.20;6.00;1.73;2.47;1.19
2026-05-18 11:50:07,192.168.1.100,0;-8.48;0.04;-5.88;0.02;-0.07;-0.03
2026-05-18 11:50:07,192.168.1.100,1;-8.47;0.05;-5.86;0.02;-0.08;-0.03
2026-05-18 11:50:07,192.168.1.100,2;-8.49;0.05;-5.85;0.02;-0.07;-0.03
2026-05-18 11:50:08,192.168.1.100,3;-8.47;0.06;-5.87;0.02;-0.07;-0.03
2026-05-18 11:50:08,192.168.1.100,4;-8.48;0.06;-5.88;0.02;-0.07;-0.03
2026-05-18 11:50:08,192.168.1.100,5;-8.49;0.06;-5.87;0.02;-0.07;-0.03
2026-05-18 11:50:08,192.168.1.100,6;-8.49;0.06;-5.85;0.02;-0.08;-0.03
2026-05-18 11:50:08,192.168.1.100,7;-8.49;0.04;-5.84;0.02;-0.08;-0.03
2026-05-18 11:50:08,192.168.1.100,8;-8.47;0.06;-5.83;0.02;-0.08;-0.03
2026-05-18 11:50:08,192.168.1.100,9;-8.53;0.08;-5.88;0.02;-0.08;-0.03
2026-05-18 11:50:08,192.168.1.100,10;-8.47;0.05;-5.83;0.02;-0.08;-0.03
2026-05-18 11:50:08,192.168.1.100,11;-8.51;0.04;-5.85;0.02;-0.08;-0.03
2026-05-18 11:50:08,192.168.1.100,12;-8.51;0.04;-5.88;0.02;-0.08;-0.03
2026-05-18 11:50:08,192.168.1.100,13;-8.48;0.07;-5.86;0.02;-0.08;-0.03
2026-05-18 11:50:08,192.168.1.100,14;-8.49;0.04;-5.84;0.02;-0.08;-0.03
2026-05-18 11:50:09,192.168.1.100,15;-8.50;0.06;-5.84;0.02;-0.07;-0.03
2026-05-18 11:50:09,192.168.1.100,16;-8.49;0.07;-5.83;0.02;-0.08;-0.03
2026-05-18 11:50:09,192.168.1.100,17;-8.51;0.07;-5.85;0.02;-0.07;-0.03
2026-05-18 11:50:09,192.168.1.100,18;-8.50;0.07;-5.82;0.02;-0.08;-0.03
2026-05-18 11:50:09,192.168.1.100,19;-8.49;0.06;-5.88;0.02;-0.08;-0.03
2026-05-18 11:50:09,192.168.1.100,20;-8.51;0.03;-5.87;0.02;-0.08;-0.03
2026-05-18 11:50:09,192.168.1.100,21;-8.48;0.06;-5.85;0.02;-0.07;-0.03
2026-05-18 11:50:09,192.168.1.100,22;-8.49;0.05;-5.90;0.02;-0.07;-0.03
2026-05-18 11:50:09,192.168.1.100,23;-8.51;0.05;-5.90;0.02;-0.07;-0.03
2026-05-18 11:50:10,192.168.1.100,24;-8.51;0.07;-5.92;0.02;-0.07;-0.03
2026-05-18 11:50:10,192.168.1.100,25;-8.48;0.08;-5.89;0.02;-0.07;-0.02
2026-05-18 11:50:10,192.168.1.100,26;-8.47;0.09;-5.84;0.02;-0.07;-0.02
2026-05-18 11:50:10,192.168.1.100,27;-8.50;0.05;-5.88;0.02;-0.07;-0.02
2026-05-18 11:50:10,192.168.1.100,28;-8.49;0.07;-5.86;0.02;-0.07;-0.02
2026-05-18 11:50:10,192.168.1.100,29;-8.50;0.06;-5.87;0.02;-0.07;-0.03
2026-05-18 11:50:10,192.168.1.100,30;-8.50;0.05;-5.84;0.02;-0.07;-0.03
2026-05-18 11:50:10,192.168.1.100,31;-8.49;0.05;-5.83;0.02;-0.07;-0.03
2026-05-18 11:50:10,192.168.1.100,32;-8.48;0.06;-5.82;0.02;-0.07;-0.03
2026-05-18 11:50:10,192.168.1.100,33;-8.50;0.07;-5.88;0.02;-0.07;-0.03
2026-05-18 11:50:10,192.168.1.100,34;-8.45;0.07;-5.88;0.02;-0.08;-0.03
2026-05-18 11:50:10,192.168.1.100,35;-8.44;0.05;-5.87;0.02;-0.07;-0.03
2026-05-18 11:50:10,192.168.1.100,36;-8.49;0.05;-5.89;0.02;-0.07;-0.03
2026-05-18 11:50:11,192.168.1.100,37;-8.50;0.06;-5.91;0.02;-0.07;-0.03
2026-05-18 11:50:11,192.168.1.100,38;-8.49;0.07;-5.88;0.02;-0.08;-0.03
2026-05-18 11:50:11,192.168.1.100,39;-8.47;0.07;-5.85;0.02;-0.08;-0.03
2026-05-18 11:50:11,192.168.1.100,40;-8.49;0.06;-5.85;0.02;-0.08;-0.03
2026-05-18 11:50:11,192.168.1.100,41;-8.50;0.06;-5.84;0.02;-0.08;-0.03
2026-05-18 11:50:11,192.168.1.100,42;-8.50;0.10;-5.85;0.02;-0.08;-0.03
2026-05-18 11:50:11,192.168.1.100,43;-8.48;0.06;-5.83;0.03;-0.08;-0.03
2026-05-18 11:50:11,192.168.1.100,44;-8.48;0.03;-5.83;0.03;-0.08;-0.03
2026-05-18 11:50:11,192.168.1.100,45;-8.50;0.04;-5.84;0.03;-0.08;-0.03
2026-05-18 11:50:11,192.168.1.100,46;-8.52;0.07;-5.91;0.03;-0.08;-0.03
2026-05-18 11:50:11,192.168.1.100,47;-8.50;0.06;-5.90;0.03;-0.08;-0.03
2026-05-18 11:50:11,192.168.1.100,48;-8.47;0.07;-5.86;0.02;-0.07;-0.03
2026-05-18 11:50:11,192.168.1.100,49;-8.47;0.05;-5.83;0.02;-0.08;-0.03
2026-05-18 11:50:12,192.168.1.100,50;-8.49;0.06;-5.84;0.02;-0.08;-0.03
2026-05-18 11:50:12,192.168.1.100,51;-8.51;0.09;-5.86;0.02;-0.08;-0.03
2026-05-18 11:50:12,192.168.1.100,52;-8.49;0.07;-5.85;0.02;-0.08;-0.03
2026-05-18 11:50:12,192.168.1.100,53;-8.50;0.09;-5.83;0.02;-0.07;-0.03
2026-05-18 11:50:12,192.168.1.100,54;-8.49;0.08;-5.84;0.02;-0.08;-0.03
2026-05-18 11:50:12,192.168.1.100,55;-8.51;0.08;-5.88;0.03;-0.08;-0.03
2026-05-18 11:50:12,192.168.1.100,56;-8.51;0.07;-5.89;0.03;-0.08;-0.03
2026-05-18 11:50:12,192.168.1.100,57;-8.48;0.04;-5.85;0.03;-0.08;-0.03
2026-05-18 11:50:12,192.168.1.100,58;-8.49;0.01;-5.88;0.02;-0.07;-0.03
2026-05-18 11:50:12,192.168.1.100,59;-8.47;0.04;-5.86;0.02;-0.08;-0.03
2026-05-18 11:50:12,192.168.1.100,60;-8.50;0.05;-5.90;0.02;-0.08;-0.03
2026-05-18 11:50:12,192.168.1.100,61;-8.49;0.07;-5.85;0.02;-0.08;-0.03
2026-05-18 11:50:12,192.168.1.100,62;-8.49;0.04;-5.86;0.02;-0.08;-0.03
2026-05-18 11:50:12,192.168.1.100,63;-8.50;0.06;-5.85;0.02;-0.07;-0.03
2026-05-18 11:50:13,192.168.1.100,64;-8.48;0.07;-5.86;0.02;-0.07;-0.02
2026-05-18 11:50:13,192.168.1.100,65;-8.50;0.07;-5.88;0.02;-0.07;-0.03
2026-05-18 11:50:13,192.168.1.100,66;-8.48;0.08;-5.85;0.02;-0.07;-0.03
2026-05-18 11:50:13,192.168.1.100,67;-8.49;0.08;-5.87;0.02;-0.08;-0.03
2026-05-18 11:50:13,192.168.1.100,68;-8.47;0.04;-5.86;0.02;-0.08;-0.03
2026-05-18 11:50:13,192.168.1.100,69;-8.49;0.03;-5.86;0.02;-0.08;-0.03
2026-05-18 11:50:13,192.168.1.100,70;-8.49;0.07;-5.85;0.02;-0.08;-0.03
2026-05-18 11:50:13,192.168.1.100,71;-8.49;0.06;-5.86;0.02;-0.08;-0.03
2026-05-18 11:50:13,192.168.1.100,72;-8.49;0.07;-5.83;0.02;-0.08;-0.03
2026-05-18 11:50:13,192.168.1.100,73;-8.50;0.08;-5.88;0.02;-0.08;-0.03
2026-05-18 11:50:15,192.168.1.100,74;-8.49;0.08;-5.84;0.02;-0.08;-0.03
2026-05-18 11:50:15,192.168.1.100,75;-8.48;0.09;-5.84;0.02;-0.07;-0.03
2026-05-18 11:50:15,192.168.1.100,76;-8.51;0.10;-5.89;0.02;-0.08;-0.03
2026-05-18 11:50:15,192.168.1.100,77;-8.50;0.03;-5.87;0.02;-0.08;-0.03
2026-05-18 11:50:15,192.168.1.100,78;-8.51;0.02;-5.83;0.02;-0.08;-0.03
2026-05-18 11:50:15,192.168.1.100,79;-8.49;0.06;-5.87;0.02;-0.07;-0.03
2026-05-18 11:50:15,192.168.1.100,80;-8.48;0.09;-5.88;0.02;-0.07;-0.03
2026-05-18 11:50:15,192.168.1.100,81;-8.51;0.08;-5.89;0.02;-0.07;-0.03
2026-05-18 11:50:15,192.168.1.100,82;-8.50;0.06;-5.86;0.02;-0.08;-0.03
2026-05-18 11:50:15,192.168.1.100,83;-8.48;0.06;-5.85;0.03;-0.08;-0.03
2026-05-18 11:50:15,192.168.1.100,84;-8.48;0.06;-5.85;0.02;-0.08;-0.03
2026-05-18 11:50:15,192.168.1.100,85;-8.49;0.04;-5.84;0.02;-0.08;-0.03
2026-05-18 11:50:15,192.168.1.100,86;-8.49;0.04;-5.83;0.02;-0.08;-0.03
2026-05-18 11:50:15,192.168.1.100,87;-8.49;0.06;-5.85;0.02;-0.08;-0.03
2026-05-18 11:50:15,192.168.1.100,88;-8.49;0.06;-5.84;0.02;-0.08;-0.03
2026-05-18 11:50:15,192.168.1.100,89;-8.51;0.07;-5.85;0.02;-0.08;-0.03
2026-05-18 11:50:15,192.168.1.100,90;-8.50;0.07;-5.89;0.02;-0.08;-0.03
2026-05-18 11:50:15,192.168.1.100,91;-8.49;0.05;-5.84;0.02;-0.08;-0.03
2026-05-18 11:50:15,192.168.1.100,92;-8.48;0.07;-5.85;0.02;-0.08;-0.03
2026-05-18 11:50:15,192.168.1.100,93;-8.48;0.05;-5.89;0.02;-0.08;-0.03
2026-05-18 11:50:15,192.168.1.100,94;-8.49;0.05;-5.91;0.03;-0.08;-0.03
2026-05-18 11:50:15,192.168.1.100,95;-8.49;0.06;-5.85;0.02;-0.08;-0.03
2026-05-18 11:50:15,192.168.1.100,96;-8.49;0.07;-5.89;0.03;-0.08;-0.03
2026-05-18 11:50:15,192.168.1.100,97;-8.49;0.06;-5.87;0.02;-0.08;-0.03
2026-05-18 11:50:16,192.168.1.100,98;-8.50;0.05;-5.85;0.02;-0.08;-0.03
2026-05-18 11:50:16,192.168.1.100,99;-8.51;0.06;-5.86;0.03;-0.08;-0.03
2026-05-18 11:50:16,192.168.1.100,100;-8.49;0.05;-5.85;0.02;-0.08;-0.03
2026-05-18 11:50:16,192.168.1.100,101;-8.48;0.06;-5.83;0.03;-0.08;-0.03
2026-05-18 11:50:16,192.168.1.100,102;-8.51;0.06;-5.88;0.03;-0.08;-0.03
2026-05-18 11:50:16,192.168.1.100,103;-8.55;0.05;-5.87;0.03;-0.08;-0.03
2026-05-18 11:50:16,192.168.1.100,104;-8.54;0.05;-5.84;0.02;-0.08;-0.03
2026-05-18 11:50:16,192.168.1.100,105;-8.49;0.04;-5.81;0.02;-0.07;-0.02
2026-05-18 11:50:17,192.168.1.100,106;-8.53;0.06;-5.86;0.02;-0.07;-0.02
2026-05-18 11:50:17,192.168.1.100,107;-8.47;0.08;-5.83;0.02;-0.07;-0.02
2026-05-18 11:50:17,192.168.1.100,108;-8.47;0.06;-5.82;0.02;-0.07;-0.03
2026-05-18 11:50:17,192.168.1.100,109;-8.47;0.04;-5.85;0.02;-0.07;-0.03
2026-05-18 11:50:17,192.168.1.100,110;-8.46;0.04;-5.84;0.02;-0.07;-0.03
2026-05-18 11:50:17,192.168.1.100,111;-8.51;0.07;-5.88;0.02;-0.07;-0.03
2026-05-18 11:50:17,192.168.1.100,112;-8.49;0.04;-5.88;0.02;-0.08;-0.03
2026-05-18 11:50:17,192.168.1.100,113;-8.46;0.07;-5.88;0.02;-0.07;-0.03
2026-05-18 11:50:17,192.168.1.100,114;-8.48;0.07;-5.86;0.02;-0.08;-0.03
2026-05-18 11:50:17,192.168.1.100,115;-8.50;0.07;-5.84;0.03;-0.08;-0.03
2026-05-18 11:50:17,192.168.1.100,116;-8.51;0.05;-5.82;0.02;-0.08;-0.03
2026-05-18 11:50:17,192.168.1.100,117;-8.51;0.07;-5.81;0.02;-0.08;-0.03
2026-05-18 11:50:17,192.168.1.100,118;-8.50;0.07;-5.82;0.03;-0.08;-0.03
2026-05-18 11:50:17,192.168.1.100,119;-8.50;0.07;-5.87;0.03;-0.08;-0.04
